date,kwh,n_power,coverage,power_median,power_std,power_nunique,frozen,usable,outdoor_mean,outdoor_max,outdoor_n,outdoor_nunique,runtime_hours,heat_share
2022-04-19,32.73333333333333,144,0.5,0.1,3.202179042040584,54,False,False,37.43055555555556,42.0,144,12,5.833333333333333,0.0
2022-04-20,41.449999999999996,288,1.0,0.1,2.1393054022665083,53,False,True,34.25347222222222,42.0,288,15,10.333333333333332,0.0
2022-04-21,34.63333333333333,288,1.0,0.1,1.9768856250909808,45,False,True,31.774305555555557,36.0,288,9,10.083333333333332,0.003472222222222222
2022-04-22,39.974999999999994,288,1.0,1.1,1.711450091276563,51,False,True,31.95138888888889,38.0,288,14,14.916666666666666,0.0
2022-04-23,15.441666666666666,288,1.0,0.1,0.748487978819118,22,False,True,32.09027777777778,40.0,288,16,9.416666666666666,0.0
2022-04-24,6.141666666666666,288,1.0,0.1,0.5897562033897807,10,False,True,33.072916666666664,42.0,288,18,2.75,0.0
2022-04-25,28.80833333333333,288,1.0,0.1,1.6829929165669433,48,False,True,33.666666666666664,41.0,288,15,10.666666666666666,0.0
2022-04-26,40.18333333333333,288,1.0,0.1,2.0698982304484392,56,False,True,33.239583333333336,40.0,288,14,10.916666666666666,0.0
2022-04-27,27.916666666666664,288,1.0,0.1,1.5982736575485375,42,False,True,33.645833333333336,42.0,288,17,10.666666666666666,0.0
2022-04-28,45.29166666666667,288,1.0,1.1,2.268659100779101,60,False,True,35.017361111111114,44.0,288,17,14.416666666666666,0.0
2022-04-29,41.266666666666666,288,1.0,1.1,2.088120426024382,58,False,True,36.03125,44.0,288,16,12.333333333333332,0.0
2022-04-30,31.55833333333333,288,1.0,1.1,1.1956893040602712,37,False,True,35.94097222222222,44.0,288,15,15.833333333333332,0.0
2022-05-01,16.516666666666666,288,1.0,0.15000000000000002,0.7635349558848139,19,False,True,33.760416666666664,42.0,288,15,11.25,0.0
2022-05-02,51.608333333333334,288,1.0,1.35,2.118961981593046,56,False,True,33.635416666666664,39.0,288,12,15.166666666666666,0.0
2022-05-03,33.56666666666666,288,1.0,0.1,1.5474659442990761,40,False,True,33.385416666666664,37.0,288,8,11.75,0.0
2022-05-04,31.474999999999998,288,1.0,1.2,1.377563503653179,41,False,True,31.319444444444443,38.0,288,15,14.166666666666666,0.0
2022-05-05,25.608333333333334,288,1.0,1.1,1.2179739437216532,35,False,True,29.868055555555557,37.0,288,15,13.25,0.0
2022-05-06,28.09166666666666,288,1.0,0.1,1.778360601892275,49,False,True,31.76736111111111,39.0,288,14,9.166666666666666,0.0
2022-05-07,10.95,288,1.0,0.1,0.6983332090294241,17,False,True,32.55555555555556,41.0,288,16,6.083333333333333,0.0
2022-05-08,3.0999999999999996,288,1.0,0.1,0.24177440127340016,7,False,True,34.19444444444444,45.0,288,19,0.9166666666666666,0.0
2022-05-09,25.608333333333334,288,1.0,0.1,1.2680866929820729,38,False,True,33.05555555555556,38.0,288,11,11.25,0.0
2022-05-10,30.733333333333334,288,1.0,0.1,1.5119559525558726,45,False,True,33.5,38.0,288,10,11.583333333333332,0.0
2022-05-11,31.46666666666666,288,1.0,0.1,1.6454107521254007,45,False,True,34.24305555555556,40.0,288,12,10.916666666666666,0.0
2022-05-12,27.508333333333333,288,1.0,0.1,1.4593041989857594,41,False,True,35.69444444444444,42.0,288,13,10.333333333333332,0.0
2022-05-13,37.36666666666667,288,1.0,0.1,1.7333995491269691,45,False,True,34.53472222222222,42.0,288,14,11.5,0.0
2022-05-14,39.78333333333333,288,1.0,0.1,2.4712957650770284,42,False,True,36.69097222222222,46.0,288,18,8.25,0.0
2022-05-15,4.758333333333334,288,1.0,0.1,0.5225775193174574,12,False,True,37.71875,49.0,288,22,1.0,0.0
2022-05-16,51.15833333333333,288,1.0,0.1,2.350267763467023,55,False,True,36.798611111111114,42.0,288,13,11.916666666666666,0.0
2022-05-17,45.43333333333334,288,1.0,1.35,2.0269076329396793,57,False,True,34.15972222222222,40.0,288,12,12.416666666666666,0.0
2022-05-18,40.71666666666666,288,1.0,0.1,1.9811932850082368,53,False,True,34.885416666666664,40.0,288,10,11.5,0.0
2022-05-19,46.458333333333336,288,1.0,0.1,2.267387777408274,57,False,True,35.611111111111114,44.0,288,16,11.166666666666666,0.0
2022-05-20,51.141666666666666,288,1.0,0.7000000000000001,2.471205681104998,64,False,True,36.739583333333336,45.0,288,21,12.0,0.0
2022-05-21,16.35,288,1.0,0.1,0.8817965208406453,17,False,True,33.93055555555556,42.0,288,18,7.916666666666666,0.0
2022-05-22,1.8916666666666666,288,1.0,0.1,0.04085877655918714,2,False,True,33.87152777777778,46.0,288,22,0.0,0.0
2022-05-23,25.258333333333333,288,1.0,0.1,1.2869244919400853,38,False,True,25.881944444444443,32.0,288,15,11.416666666666666,0.0
2022-05-24,21.83333333333333,288,1.0,0.1,1.0590430326770146,32,False,True,26.19097222222222,33.0,288,15,10.75,0.0
2022-05-25,21.59166666666667,288,1.0,0.1,1.0219296243942175,27,False,True,28.788194444444443,34.0,288,11,11.0,0.0
2022-05-26,23.125,288,1.0,0.1,1.1677780234928117,34,False,True,30.27777777777778,36.0,288,13,10.666666666666666,0.0
2022-05-27,28.083333333333336,288,1.0,0.1,1.4958776623473848,42,False,True,32.295138888888886,39.0,288,14,10.833333333333332,0.0
2022-05-28,15.508333333333331,288,1.0,0.1,0.8900994767501004,17,False,True,34.34375,42.0,288,14,7.75,0.0
2022-05-29,1.9333333333333331,288,1.0,0.1,0.03957724124659724,2,False,True,34.80555555555556,46.0,288,18,0.0,0.0
2022-05-30,32.18333333333334,288,1.0,0.1,1.5166626920481092,42,False,True,30.9375,39.0,288,20,11.833333333333332,0.0
2022-05-31,29.441666666666666,288,1.0,0.1,1.3530368773517465,38,False,True,31.64236111111111,38.0,288,13,11.916666666666666,0.0
2022-06-01,31.85833333333333,288,1.0,0.1,1.6167453788947315,44,False,True,34.204861111111114,42.0,288,17,10.916666666666666,0.0
2022-06-02,37.15,288,1.0,1.25,1.7352140738088901,46,False,True,34.951388888888886,42.0,288,14,12.166666666666666,0.0
2022-06-03,41.391666666666666,288,1.0,1.1,1.9687797310610267,59,False,True,35.36805555555556,44.0,288,17,12.416666666666666,0.0
2022-06-04,16.65833333333333,288,1.0,0.1,0.9657681982598422,18,False,True,36.10069444444444,46.0,288,20,7.25,0.0
2022-06-05,4.716666666666667,288,1.0,0.1,0.46598360641831305,12,False,True,37.75694444444444,50.0,288,21,1.3333333333333333,0.0
2022-06-06,49.225,288,1.0,1.8,2.103914743582517,50,False,True,36.25694444444444,43.0,288,14,12.833333333333332,0.0
2022-06-07,56.05,288,1.0,1.75,2.3872336602459154,62,False,True,37.03472222222222,44.0,288,13,13.916666666666666,0.0
2022-06-08,49.883333333333326,288,1.0,0.1,2.4787755488245837,60,False,True,37.09375,44.0,288,12,11.416666666666666,0.0
2022-06-09,41.18333333333334,288,1.0,0.1,2.029954952785777,51,False,True,36.982638888888886,44.0,288,14,10.666666666666666,0.0
2022-06-10,50.341666666666654,288,1.0,1.3,2.421452372523501,61,False,True,37.170138888888886,44.0,288,13,12.083333333333332,0.0
2022-06-11,20.558333333333334,288,1.0,0.1,1.1640856349718605,28,False,True,37.59375,44.0,288,13,8.416666666666666,0.0
2022-06-12,7.541666666666666,288,1.0,0.1,0.6670614246465937,15,False,True,38.03472222222222,48.0,288,18,2.4166666666666665,0.0
2022-06-13,36.766666666666666,288,1.0,0.1,1.7760228968813756,47,False,True,37.052083333333336,44.0,288,12,11.416666666666666,0.0
2022-06-14,40.36666666666666,288,1.0,1.3,1.881771209738971,53,False,True,35.045138888888886,40.0,288,9,12.916666666666666,0.0
2022-06-15,33.46666666666666,288,1.0,1.2,1.537890771378565,43,False,True,35.84027777777778,43.0,288,13,12.166666666666666,0.0
2022-06-16,25.40833333333333,288,1.0,0.1,1.4123196770481776,41,False,True,32.50347222222222,39.0,288,17,10.75,0.0
2022-06-17,22.125,288,1.0,0.1,1.273327044459819,38,False,True,29.086805555555557,37.0,288,15,9.75,0.0
2022-06-18,11.899999999999999,288,1.0,0.1,0.6321672378941087,10,False,True,28.79861111111111,34.0,288,11,7.5,0.0
2022-06-19,2.0166666666666666,288,1.0,0.1,0.03663482413641661,2,False,True,28.927083333333332,35.0,288,11,0.0,0.0
2022-06-20,14.833333333333332,288,1.0,0.1,0.9418991437057262,28,False,True,29.51736111111111,36.0,288,13,7.916666666666666,0.0
2022-06-21,15.408333333333331,288,1.0,0.1,0.8250876046594412,26,False,True,30.010416666666668,38.0,288,13,9.416666666666666,0.0
2022-06-22,16.608333333333334,288,1.0,0.1,1.063980393421268,30,False,True,31.12847222222222,38.0,288,13,8.166666666666666,0.0
2022-06-23,19.93333333333333,288,1.0,0.1,1.0582531319859274,31,False,True,32.28125,37.0,288,11,9.416666666666666,0.0
2022-06-24,20.991666666666667,288,1.0,0.1,1.0692757239744914,32,False,True,32.392361111111114,40.0,288,15,10.166666666666666,0.0
2022-06-25,14.575,288,1.0,0.1,0.754281039900101,10,False,True,33.56944444444444,41.0,288,16,8.583333333333332,0.0
2022-06-26,1.9916666666666667,288,1.0,0.1,0.037575477026452135,2,False,True,36.14930555555556,47.0,288,18,0.0,0.0
2022-06-27,27.925,288,1.0,1.3,1.2489539894280868,35,False,True,34.982638888888886,40.0,288,10,12.916666666666666,0.0
2022-06-28,47.766666666666666,288,1.0,0.1,2.323515638604463,61,False,True,35.295138888888886,41.0,288,10,11.833333333333332,0.0
2022-06-29,40.55,288,1.0,1.2,1.9260537790316818,51,False,True,33.739583333333336,38.0,288,9,12.833333333333332,0.0
2022-06-30,20.491666666666667,288,1.0,0.1,0.9794340035957968,29,False,True,28.00347222222222,32.0,288,9,11.0,0.0
2022-07-01,15.841666666666667,288,1.0,0.1,0.9411702205586182,27,False,True,28.756944444444443,34.0,288,9,8.416666666666666,0.0
2022-07-02,19.825,288,1.0,0.1,1.1692155007323406,36,False,True,31.04513888888889,38.0,288,12,8.25,0.0
2022-07-03,2.0083333333333333,288,1.0,0.1,0.03695429849786268,2,False,True,31.09722222222222,43.0,288,17,0.0,0.0
2022-07-04,22.758333333333333,288,1.0,0.1,1.262959393790099,35,False,True,32.11805555555556,37.0,288,10,10.083333333333332,0.0
2022-07-05,23.516666666666666,288,1.0,0.1,1.355958038779998,37,False,True,33.701388888888886,38.0,288,9,9.166666666666666,0.0
2022-07-06,38.48333333333333,288,1.0,0.1,2.0139414504635087,49,False,True,34.267361111111114,38.0,288,9,11.333333333333332,0.0
2022-07-07,44.20833333333333,288,1.0,0.1,2.267326521558519,49,False,True,34.420138888888886,38.0,288,8,10.75,0.0
2022-07-08,47.82499999999999,288,1.0,0.1,2.3736068190829798,51,False,True,34.88194444444444,40.0,288,10,10.5,0.0
2022-07-09,30.48333333333333,288,1.0,0.1,2.0037319300187195,46,False,True,31.961805555555557,36.0,288,8,7.333333333333333,0.0
2022-07-10,2.0166666666666666,288,1.0,0.1,0.03663482413641661,2,False,True,32.14930555555556,41.0,288,14,0.0,0.0
2022-07-11,26.349999999999994,288,1.0,0.1,1.3921141371429762,34,False,True,31.854166666666668,37.0,288,11,10.333333333333332,0.0
2022-07-12,23.866666666666667,288,1.0,0.1,1.1500167738980651,32,False,True,30.302083333333332,34.0,288,8,10.833333333333332,0.0
2022-07-13,28.883333333333333,288,1.0,0.1,1.4639374794276017,43,False,True,31.12847222222222,37.0,288,11,10.916666666666666,0.0
2022-07-14,32.90833333333333,288,1.0,0.1,1.7907466616717678,47,False,True,32.013888888888886,37.0,288,10,10.5,0.0
2022-07-15,23.65833333333333,288,1.0,0.1,1.177083896673087,34,False,True,33.125,38.0,288,11,10.833333333333332,0.0
2022-07-16,9.366666666666667,288,1.0,0.1,0.5892932966750707,14,False,True,29.79513888888889,36.0,288,12,5.583333333333333,0.0
2022-07-17,1.8499999999999996,288,1.0,0.1,0.042029668753816696,2,False,True,31.37152777777778,45.0,288,21,0.0,0.0
2022-07-18,35.025,288,1.0,0.1,1.7284935311284153,45,False,True,32.96180555555556,38.0,288,10,11.333333333333332,0.0
2022-07-19,40.81666666666667,288,1.0,1.1,2.0370865813629853,57,False,True,32.645833333333336,37.0,288,10,12.083333333333332,0.0
2022-07-20,18.166666666666664,288,1.0,0.1,1.1330669281115953,30,False,True,29.67013888888889,36.0,288,13,9.166666666666666,0.0
2022-07-21,11.716666666666665,288,1.0,0.1,0.6852104834543927,18,False,True,29.569444444444443,34.0,288,9,6.833333333333333,0.0
2022-07-22,17.85,288,1.0,0.1,0.9865919700047117,30,False,True,29.833333333333332,37.0,288,9,9.0,0.0
2022-07-23,13.575,288,1.0,0.1,0.8451448090498391,26,False,True,30.375,37.0,288,11,7.416666666666666,0.0
2022-07-24,1.9166666666666665,288,1.0,0.1,0.04010379088328031,2,False,True,31.836805555555557,40.0,288,13,0.0,0.0
2022-07-25,37.166666666666664,288,1.0,0.65,1.684466867155068,44,False,True,30.74652777777778,35.0,288,8,12.0,0.0
2022-07-26,26.275,288,1.0,0.1,1.316353057984023,36,False,True,30.444444444444443,35.0,288,9,10.666666666666666,0.0
2022-07-27,19.566666666666666,288,1.0,0.1,1.1638549119941193,33,False,True,30.694444444444443,35.0,288,9,8.583333333333332,0.0
2022-07-28,19.691666666666666,288,1.0,0.1,1.1031978956784323,30,False,True,28.67013888888889,33.0,288,8,10.0,0.0
2022-07-29,15.791666666666668,288,1.0,0.1,0.9081070665133838,29,False,True,28.520833333333332,35.0,288,11,7.833333333333333,0.0
2022-07-30,5.25,288,1.0,0.1,0.3980802456094053,10,False,True,29.07986111111111,38.0,288,13,2.583333333333333,0.0
2022-07-31,1.9333333333333333,288,1.0,0.1,0.03957724124659724,2,False,True,29.770833333333332,39.0,288,15,0.0,0.0
2022-08-01,14.425,288,1.0,0.1,1.0005375074525915,28,False,True,30.399305555555557,37.0,288,11,6.333333333333333,0.0
2022-08-02,22.808333333333337,288,1.0,0.1,1.1198337632052833,32,False,True,31.333333333333332,36.0,288,10,10.75,0.0
2022-08-03,20.700000000000003,288,1.0,0.1,1.0312394780607999,29,False,True,30.743055555555557,35.0,288,10,11.333333333333332,0.0
2022-08-04,21.758333333333333,288,1.0,0.1,1.1200469132005417,32,False,True,30.65277777777778,37.0,288,9,11.25,0.0
2022-08-05,14.174999999999997,288,1.0,0.1,0.8164640214142256,23,False,True,29.43402777777778,35.0,288,10,7.583333333333333,0.0
2022-08-06,18.491666666666667,288,1.0,0.1,1.2816806619636356,29,False,True,30.770833333333332,37.0,288,10,6.666666666666666,0.0
2022-08-07,1.775,288,1.0,0.1,0.04388619673529354,2,False,True,28.40277777777778,35.0,288,10,0.0,0.0
2022-08-08,21.016666666666666,288,1.0,0.1,1.0714895218921607,29,False,True,30.645833333333332,37.0,288,13,10.416666666666666,0.0
2022-08-09,18.516666666666666,288,1.0,0.1,0.9561324869293629,29,False,True,32.78472222222222,38.0,288,10,9.5,0.0
2022-08-10,26.69166666666667,288,1.0,0.65,1.1645925987672234,31,False,True,33.197916666666664,38.0,288,9,12.0,0.0
2022-08-11,2.1416666666666666,288,1.0,0.1,0.030992379464580375,2,False,True,30.211805555555557,35.0,288,8,0.0,0.0
2022-08-12,21.59166666666666,288,1.0,0.1,1.1952306339471128,38,False,True,31.92361111111111,36.0,288,9,9.833333333333332,0.0
2022-08-13,2.0083333333333333,288,1.0,0.1,0.03788224679072745,3,False,True,32.625,41.0,288,14,0.0,0.0
2022-08-14,1.7,288,1.0,0.1,0.04545296714431548,2,False,True,29.67013888888889,40.0,288,15,0.0,0.0
2022-08-15,1.8583333333333332,288,1.0,0.1,0.041803882856901946,2,False,True,30.708333333333332,39.0,288,13,0.0,0.0
2022-08-16,16.741666666666667,288,1.0,0.1,1.0019222819492328,32,False,True,29.791666666666668,34.0,288,8,8.5,0.0
2022-08-17,29.641666666666666,288,1.0,1.0,1.3795578481124233,43,False,True,30.086805555555557,35.0,288,10,12.333333333333332,0.0
2022-08-18,24.908333333333335,288,1.0,1.0,1.2080423001208083,35,False,True,31.26736111111111,37.0,288,12,12.166666666666666,0.0
2022-08-19,2.091666666666667,288,1.0,0.1,0.03346148686766716,2,False,True,31.819444444444443,38.0,288,11,0.0,0.0
2022-08-20,4.175,288,1.0,0.1,0.3733049073069419,9,False,True,31.01736111111111,38.0,288,11,1.75,0.0
2022-08-21,1.9333333333333331,288,1.0,0.1,0.03957724124659724,2,False,True,31.54861111111111,38.0,288,11,0.0,0.0
2022-08-22,28.324999999999996,288,1.0,1.2,1.3202182946339258,37,False,True,31.79861111111111,36.0,288,8,12.166666666666666,0.0
2022-08-23,35.93333333333334,288,1.0,1.2,1.7172508894404306,50,False,True,31.20486111111111,35.0,288,8,12.666666666666666,0.0
2022-08-24,32.974999999999994,288,1.0,1.0,1.4787084824405607,43,False,True,29.78125,35.0,288,9,12.166666666666666,0.0
2022-08-25,18.566666666666666,288,1.0,0.1,0.9936245456178712,27,False,True,30.131944444444443,36.0,288,11,8.666666666666666,0.0
2022-08-26,14.858333333333334,288,1.0,0.1,0.9515793985049017,28,False,True,31.07986111111111,36.0,288,10,7.333333333333333,0.0
2022-08-27,2.033333333333333,288,1.0,0.1,0.035977316241635054,2,False,True,31.180555555555557,37.0,288,11,0.0,0.0
2022-08-28,1.8666666666666665,288,1.0,0.1,0.04157397096415491,2,False,True,31.19097222222222,37.0,288,11,0.0,0.0
2022-08-29,26.058333333333337,288,1.0,1.2,1.1643304465210844,36,False,True,30.15277777777778,36.0,288,12,12.416666666666666,0.0
2022-08-30,26.71666666666667,288,1.0,0.1,1.2672009031160072,32,False,True,29.40972222222222,35.0,288,10,11.416666666666666,0.0
2022-08-31,31.566666666666663,288,1.0,1.4,1.2585716906943696,36,False,True,31.59027777777778,37.0,288,11,14.0,0.0
2022-09-01,32.74166666666667,288,1.0,1.2,1.51192210257392,46,False,True,32.10069444444444,36.0,288,9,12.25,0.0
2022-09-02,36.925,288,1.0,1.15,1.632506367500769,41,False,True,31.23611111111111,36.0,288,10,12.083333333333332,0.0
2022-09-03,2.4,288,1.0,0.1,1.3877787807814457e-17,1,False,True,32.482638888888886,39.0,288,12,0.0,0.0
2022-09-04,2.4,288,1.0,0.1,1.3877787807814457e-17,1,False,True,33.71875,45.0,288,18,0.0,0.0
2022-09-05,40.449999999999996,288,1.0,1.3,1.7995936559092691,46,False,True,32.017361111111114,37.0,288,10,12.416666666666666,0.0
2022-09-06,37.141666666666666,288,1.0,0.1,1.7365138074633333,46,False,True,31.663194444444443,36.0,288,9,11.5,0.0
2022-09-07,32.791666666666664,288,1.0,1.3,1.5206258975097948,42,False,True,31.77777777777778,36.0,288,10,12.5,0.0
2022-09-08,33.75,288,1.0,0.1,1.642183452923441,41,False,True,32.142361111111114,37.0,288,9,10.75,0.0
2022-09-09,37.075,288,1.0,1.2,1.7797980802881044,47,False,True,32.15277777777778,37.0,288,9,12.166666666666666,0.0
2022-09-10,6.174999999999999,288,1.0,0.1,0.6752177825112757,14,False,True,32.420138888888886,40.0,288,12,2.4166666666666665,0.0
2022-09-11,1.8583333333333334,288,1.0,0.1,0.041803882856901946,2,False,True,33.267361111111114,41.0,288,14,0.0,0.0
2022-09-12,43.95,288,1.0,0.1,2.076203424455856,50,False,True,32.104166666666664,36.0,288,9,11.666666666666666,0.0
2022-09-13,38.349999999999994,288,1.0,1.3,1.7188686827710578,40,False,True,30.51388888888889,35.0,288,10,12.25,0.0
2022-09-14,31.775000000000002,288,1.0,1.2,1.4467212541304484,43,False,True,29.31597222222222,34.0,288,10,12.916666666666666,0.0
2022-09-15,21.80833333333333,288,1.0,0.1,1.025183416196407,28,False,True,26.788194444444443,32.0,288,9,11.166666666666666,0.0
2022-09-16,22.25,288,1.0,0.1,1.0689246121167242,32,False,True,24.84375,28.0,288,6,11.25,0.0
2022-09-17,14.774999999999999,288,1.0,0.1,1.0093653250310315,27,False,True,28.100694444444443,33.0,288,10,6.25,0.0
2022-09-18,2.0999999999999996,288,1.0,0.1,0.033071891388307385,2,False,True,29.760416666666668,37.0,288,13,0.0,0.0
2022-09-19,25.05,288,1.0,0.1,1.198796778139555,33,False,True,28.84027777777778,34.0,288,9,10.75,0.0
2022-09-20,27.599999999999998,288,1.0,0.1,1.1737582090589753,29,False,True,28.6875,35.0,288,11,11.833333333333332,0.0
2022-09-21,21.15,288,1.0,0.1,1.0537280872902859,31,False,True,27.5,35.0,288,11,10.916666666666666,0.0
2022-09-22,14.908333333333333,288,1.0,0.1,0.8612023221182776,21,False,True,25.4375,28.0,288,5,8.416666666666666,0.0
2022-09-23,10.775,288,1.0,0.1,0.7725761547773498,15,False,True,25.24652777777778,31.0,288,9,6.166666666666666,0.0
2022-09-24,2.2,288,1.0,0.1,0.027638539919628335,2,False,True,25.256944444444443,29.0,288,6,0.0,0.0
2022-09-25,2.0749999999999997,288,1.0,0.1,0.034216807720118425,2,False,True,27.645833333333332,34.0,288,11,0.0,0.0
2022-09-26,20.275,288,1.0,0.1,0.9513006219192169,26,False,True,28.163194444444443,33.0,288,10,11.25,0.0
2022-09-27,20.78333333333333,288,1.0,0.1,1.1621736814672157,35,False,True,28.479166666666668,34.0,288,11,9.75,0.0
2022-09-28,22.35,288,1.0,0.1,1.1798345428962111,32,False,True,29.09027777777778,35.0,288,11,10.333333333333332,0.0
2022-09-29,28.94166666666667,288,1.0,1.2,1.200115684929793,34,False,True,28.99652777777778,34.0,288,10,13.083333333333332,0.0
2022-09-30,24.975,288,1.0,1.15,1.1368430451803802,29,False,True,28.989583333333332,35.0,288,11,12.5,0.0
2022-10-01,3.5333333333333337,288,1.0,0.1,0.3041254411433172,8,False,True,29.34722222222222,36.0,288,12,0.6666666666666666,0.0
2022-10-02,2.4,288,1.0,0.1,1.3877787807814457e-17,1,False,True,29.62847222222222,36.0,288,12,0.0,0.0
2022-10-03,26.19166666666667,288,1.0,0.1,1.309272882667544,32,False,True,29.131944444444443,35.0,288,12,10.333333333333332,0.0
2022-10-04,10.349999999999998,288,1.0,0.1,1.0359153728573691,21,False,True,29.48611111111111,37.0,288,14,2.833333333333333,0.0
2022-10-05,1.8583333333333332,288,1.0,0.1,0.041803882856901946,2,False,True,29.072916666666668,38.0,288,14,0.0,0.0
2022-10-06,19.53333333333333,288,1.0,0.1,0.9032050271049505,27,False,True,26.70138888888889,32.0,288,10,11.416666666666666,0.0
2022-10-07,7.116666666666665,288,1.0,0.1,0.4688065809473094,11,False,True,25.010416666666668,31.0,288,10,3.9166666666666665,0.0
2022-10-08,2.408333333333333,288,1.0,0.1,0.005882317481283826,2,False,True,22.229166666666668,24.0,288,5,0.0,0.0
2022-10-09,2.4,288,1.0,0.1,1.3877787807814457e-17,1,False,True,21.618055555555557,24.0,288,5,0.0,0.0
2022-10-10,2.541666666666667,288,1.0,0.1,0.08291489273181507,3,False,True,22.131944444444443,25.0,288,6,0.08333333333333333,0.0
2022-10-11,8.883333333333333,288,1.0,0.1,0.5458275904419401,14,False,True,25.319444444444443,32.0,288,11,5.0,0.0
2022-10-12,11.008333333333333,288,1.0,0.1,0.6444159139697507,19,False,True,25.350694444444443,33.0,288,12,6.416666666666666,0.0
2022-10-13,7.225,288,1.0,0.1,0.5534289811283628,17,False,True,25.020833333333332,31.0,288,12,3.5,0.0
2022-10-14,6.866666666666667,288,1.0,0.1,0.5681489328305944,14,False,True,25.46875,32.0,288,12,2.9166666666666665,0.0
2022-10-15,2.4,288,1.0,0.1,1.3877787807814457e-17,1,False,True,25.76736111111111,33.0,288,13,0.0,0.0
2022-10-16,2.4,288,1.0,0.1,1.3877787807814457e-17,1,False,True,26.399305555555557,36.0,288,16,0.0,0.0
2022-10-17,12.066666666666666,288,1.0,0.1,0.687734247410821,18,False,True,25.78472222222222,34.0,288,15,6.916666666666666,0.0
2022-10-18,13.541666666666668,288,1.0,0.1,0.8101818038950604,23,False,True,25.48611111111111,34.0,288,15,7.416666666666666,0.0
2022-10-19,23.958333333333336,288,1.0,0.1,1.159395693802206,34,False,True,25.75,34.0,288,16,11.25,0.0
2022-10-20,15.633333333333333,288,1.0,0.1,0.8776931657532013,24,False,True,25.81597222222222,34.0,288,16,8.0,0.0
2022-10-21,13.833333333333336,288,1.0,0.1,0.724088134513479,15,False,True,25.87152777777778,33.0,288,14,8.333333333333332,0.0
2022-10-22,2.258333333333333,288,1.0,0.1,0.02356766836757405,2,False,True,24.993055555555557,33.0,288,14,0.0,0.0
2022-10-23,2.2916666666666665,288,1.0,0.1,0.02076086934566215,2,False,True,23.65972222222222,34.0,288,17,0.0,0.0
2022-10-24,2.283333333333333,288,1.0,0.1,0.021505364676669476,2,False,True,23.82638888888889,32.0,288,15,0.0,0.0
2022-10-25,2.2916666666666665,288,1.0,0.1,0.020760869345662153,2,False,True,23.12847222222222,31.0,288,15,0.0,0.0
2022-10-26,2.3,288,1.0,0.1,0.01998263134713633,2,False,True,24.166666666666668,35.0,288,19,0.0,0.0
2022-10-27,2.375,288,1.0,0.1,0.068457395002699,3,False,True,24.333333333333332,34.0,288,17,0.08333333333333333,0.0
2022-10-28,14.583333333333332,288,1.0,0.1,0.7206362795311815,19,False,True,23.916666666666668,32.0,288,15,8.75,0.0
2022-10-29,3.25,288,1.0,0.1,0.2542605700850999,6,False,True,23.85763888888889,33.0,288,15,0.75,0.0
2022-10-30,2.333333333333333,288,1.0,0.1,0.01643355495305449,2,False,True,23.635416666666668,33.0,288,16,0.0,0.0
2022-10-31,12.500000000000004,288,1.0,0.1,0.6051141995065431,12,False,True,23.61111111111111,31.0,288,14,8.166666666666666,0.0
2022-11-01,13.275,288,1.0,0.1,0.6628986942357364,16,False,True,24.635416666666668,32.0,288,15,8.25,0.0
2022-11-02,17.008333333333333,288,1.0,0.1,0.873030121129673,22,False,True,24.552083333333332,32.0,288,14,9.75,0.0
2022-11-03,16.96666666666667,288,1.0,0.1,0.7599481687166583,21,False,True,24.180555555555557,31.0,288,13,10.583333333333332,0.0
2022-11-04,10.375,288,1.0,0.1,0.5702390078218664,14,False,True,24.75,32.0,288,14,6.416666666666666,0.0
2022-11-05,6.666666666666666,288,1.0,0.1,0.5435792445096927,13,False,True,24.90625,32.0,288,12,2.75,0.0
2022-11-06,2.175,288,1.0,0.1,0.029148059540902552,2,False,True,25.60763888888889,33.0,288,13,0.0,0.0
2022-11-07,18.475,288,1.0,0.1,1.0098940873717073,28,False,True,25.322916666666668,32.0,288,13,9.583333333333332,0.0
2022-11-08,21.116666666666667,288,1.0,0.1,1.0155786432915357,30,False,True,24.18402777777778,29.0,288,10,11.0,0.0
2022-11-09,21.433333333333334,288,1.0,0.1,1.1620236645239117,32,False,True,23.59375,31.0,288,13,9.916666666666666,0.003472222222222222
2022-11-10,17.40833333333333,288,1.0,0.1,0.9051261523450478,26,False,True,23.59375,29.0,288,11,10.083333333333332,0.0
2022-11-11,14.225,288,1.0,0.1,0.7354955989274624,20,False,True,22.30902777777778,28.0,288,11,8.75,0.0
2022-11-12,2.333333333333333,288,1.0,0.1,0.01643355495305449,2,False,True,20.79861111111111,27.0,288,12,0.0,0.0
2022-11-13,2.325,288,1.0,0.1,0.01739926363384382,2,False,True,20.42013888888889,27.0,288,12,0.0,0.0
2022-11-14,8.858333333333333,288,1.0,0.1,0.5427392114625132,13,False,True,22.791666666666668,32.0,288,16,5.25,0.0
2022-11-15,8.675,288,1.0,0.1,0.5238817041380196,11,False,True,22.40625,31.0,288,14,5.25,0.0
2022-11-16,8.633333333333335,288,1.0,0.1,0.493544358645317,10,False,True,20.90625,29.0,288,13,5.333333333333333,0.0
2022-11-17,5.908333333333333,288,1.0,0.1,0.3821348956988912,9,False,True,18.875,26.0,288,13,3.25,0.0
2022-11-18,5.9,288,1.0,0.1,0.3712544425473063,9,False,True,18.69097222222222,27.0,288,15,3.25,0.0
2022-11-19,2.4,288,1.0,0.1,1.3877787807814457e-17,1,False,True,18.67361111111111,28.0,288,16,0.0,0.0
2022-11-20,2.3916666666666666,288,1.0,0.1,0.005882317481283826,2,False,True,18.927083333333332,26.0,288,14,0.0,0.0
2022-11-21,4.883333333333334,288,1.0,0.1,0.33435534873603423,8,False,True,19.01388888888889,28.0,288,16,2.333333333333333,0.0
2022-11-22,5.500000000000001,288,1.0,0.1,0.3482844862082337,8,False,True,19.01388888888889,27.0,288,15,2.9166666666666665,0.0
2022-11-23,5.166666666666667,288,1.0,0.1,0.3289966743424545,11,False,True,18.75,28.0,288,17,2.75,0.0
2022-11-24,5.1416666666666675,288,1.0,0.1,0.33287276485900213,5,False,True,18.680555555555557,28.0,288,17,2.5,0.0
2022-11-25,5.091666666666667,288,1.0,0.1,0.39311551736389644,10,False,True,18.42361111111111,28.0,288,17,2.333333333333333,0.0
2022-11-26,2.5583333333333336,288,1.0,0.1,0.11176403214439268,2,False,True,18.25,26.0,288,15,0.08333333333333333,0.0
2022-11-27,2.4,288,1.0,0.1,1.3877787807814457e-17,1,False,True,17.87847222222222,27.0,288,16,0.0,0.0
2022-11-28,2.75,288,1.0,0.1,0.11724188552826256,3,False,True,17.697916666666668,27.0,288,16,0.3333333333333333,0.0
2022-11-29,2.8499999999999996,288,1.0,0.1,0.13892881370607676,5,False,True,17.618055555555557,26.0,288,16,0.41666666666666663,0.0
2022-11-30,2.666666666666667,288,1.0,0.1,0.10872436550433848,3,False,True,17.84375,27.0,288,16,0.25,0.0
2022-12-01,3.1750000000000003,288,1.0,0.1,0.17608480733726006,4,False,True,17.395833333333332,25.0,288,14,0.75,0.0
2022-12-02,2.383333333333333,288,1.0,0.1,0.00830434773826486,2,False,True,18.27777777777778,28.0,288,17,0.0,0.0
2022-12-03,2.4916666666666663,288,1.0,0.1,0.06470549229412206,2,False,True,17.79513888888889,26.0,288,15,0.08333333333333333,0.0
2022-12-04,2.4,288,1.0,0.1,1.3877787807814457e-17,1,False,True,17.458333333333332,25.0,288,13,0.0,0.0
2022-12-05,2.9166666666666665,288,1.0,0.1,0.14774376958307678,3,False,True,16.79861111111111,28.0,288,16,0.5,0.0
2022-12-06,2.933333333333333,288,1.0,0.1,0.14787590726895739,4,False,True,16.819444444444443,23.0,288,12,0.5,0.0
2022-12-07,2.4,288,1.0,0.1,1.3877787807814457e-17,1,False,True,16.85763888888889,23.0,288,13,0.0,0.0
2022-12-08,2.4,288,1.0,0.1,1.3877787807814457e-17,1,False,True,16.98611111111111,24.0,288,13,0.0,0.0
2022-12-09,2.841666666666667,288,1.0,0.1,0.13349554296786073,4,False,True,17.541666666666668,26.0,288,15,0.41666666666666663,0.0
2022-12-10,2.3499999999999996,288,1.0,0.1,0.014282613750835511,2,False,True,17.96875,27.0,288,16,0.0,0.0
2022-12-11,2.4,288,1.0,0.1,1.3877787807814457e-17,1,False,True,18.618055555555557,26.0,288,14,0.0,0.0
2022-12-12,4.608333333333334,288,1.0,0.1,0.29398856709892063,7,False,True,18.25,26.0,288,15,2.1666666666666665,0.0
2022-12-13,4.583333333333334,288,1.0,0.1,0.3004425426776596,8,False,True,18.54513888888889,26.0,288,14,2.083333333333333,0.0
2022-12-14,3.533333333333333,288,1.0,0.1,0.21096486162275027,4,False,True,16.774305555555557,23.0,288,13,1.0833333333333333,0.0
2022-12-15,3.0916666666666663,288,1.0,0.1,0.16864244114470983,4,False,True,15.60763888888889,23.0,288,14,0.6666666666666666,0.0
2022-12-16,2.5666666666666664,287,0.9965277777777778,0.1,0.08744603405683936,3,False,True,15.195121951219512,23.0,287,14,0.16666666666666666,0.0
2022-12-17,2.4,288,1.0,0.1,1.3877787807814457e-17,1,False,True,15.32638888888889,23.0,288,15,0.0,0.0
2022-12-18,2.4,288,1.0,0.1,1.3877787807814457e-17,1,False,True,15.399305555555555,23.0,288,14,0.0,0.0
2022-12-19,2.4833333333333334,288,1.0,0.1,0.058823174812838254,2,False,True,15.17361111111111,23.0,288,13,0.08333333333333333,0.0
2022-12-20,6.716666666666666,288,1.0,0.1,0.6422161998708404,15,False,True,14.059027777777779,22.0,288,14,2.4166666666666665,0.5659722222222222
2022-12-21,27.616666666666667,288,1.0,1.1,1.1629701276244861,25,False,True,13.26736111111111,21.0,288,13,12.25,1.0
2022-12-22,13.266666666666666,288,1.0,0.1,1.0650015939245014,29,False,True,12.927083333333334,20.0,288,13,4.75,1.0
2022-12-23,3.408333333333333,288,1.0,0.1,0.35930890428152157,5,False,True,12.711805555555555,20.0,288,13,0.41666666666666663,1.0
2022-12-24,2.4,288,1.0,0.1,1.3877787807814457e-17,1,False,True,12.930555555555555,19.0,288,11,0.0,1.0
2022-12-25,2.4,288,1.0,0.1,1.3877787807814457e-17,1,False,True,10.409722222222221,16.0,288,11,0.0,1.0
2022-12-26,12.325,288,1.0,0.1,0.9729986359117423,19,False,True,9.774305555555555,15.0,288,9,5.0,1.0
2022-12-27,20.858333333333334,288,1.0,0.1,1.029318418767733,23,False,True,11.055555555555555,19.0,288,13,9.75,1.0
2022-12-28,21.475,288,1.0,1.2,0.8754010737545137,21,False,True,14.152777777777779,22.0,288,15,12.5,1.0
2022-12-29,2.458333333333333,288,1.0,0.1,0.096614544337119,4,False,True,16.03125,25.0,288,15,0.08333333333333333,1.0
2022-12-30,17.941666666666666,288,1.0,0.1,0.9304984823915753,19,False,True,15.222222222222221,23.0,288,12,9.416666666666666,1.0
2022-12-31,10.216666666666669,288,1.0,0.1,0.7337353564484058,16,False,True,14.354166666666666,20.0,288,10,5.25,1.0
2023-01-01,2.4,288,1.0,0.1,1.3877787807814457e-17,1,False,True,14.104166666666666,23.0,288,15,0.0,1.0
2023-01-02,14.449999999999998,288,1.0,0.1,0.8873703935098228,21,False,True,13.01736111111111,19.0,288,10,6.916666666666666,1.0
2023-01-03,17.0,288,1.0,0.1,1.1525033140468137,24,False,True,11.930555555555555,18.0,288,10,6.583333333333333,0.8159722222222222
2023-01-04,28.95833333333333,288,1.0,1.3,1.1745529073713563,26,False,True,9.92013888888889,16.0,288,10,13.083333333333332,1.0
2023-01-05,27.233333333333334,288,1.0,0.6000000000000001,1.1110755202633147,23,False,True,9.54861111111111,17.0,288,12,12.0,1.0
2023-01-06,22.59166666666667,288,1.0,0.1,1.1808634708738075,26,False,True,9.850694444444445,18.0,288,12,9.25,1.0
2023-01-07,7.658333333333332,288,1.0,0.1,0.7823685665216701,16,False,True,9.347222222222221,17.0,288,12,2.5,1.0
2023-01-08,2.4,288,1.0,0.1,1.3877787807814457e-17,1,False,True,10.746527777777779,20.0,288,15,0.0,1.0
2023-01-09,28.525,288,1.0,1.1,1.1874812681271136,19,False,True,11.059027777777779,17.0,288,11,12.083333333333332,1.0
2023-01-10,25.549999999999997,288,1.0,0.1,1.2535487819032458,28,False,True,11.84375,18.0,288,11,11.0,1.0
2023-01-11,28.700000000000003,288,1.0,0.1,1.2682213594900011,22,False,True,11.684027777777779,18.0,288,11,11.75,1.0
2023-01-12,25.53333333333334,288,1.0,1.3,1.0286932859425155,23,False,True,14.020833333333334,20.0,288,11,13.333333333333332,1.0
2023-01-13,22.308333333333334,288,1.0,0.65,0.9559374615332609,22,False,True,15.274305555555555,20.0,288,9,12.0,1.0
2023-01-14,5.4750000000000005,288,1.0,0.1,0.5848853980220778,12,False,True,13.527777777777779,18.0,288,9,1.3333333333333333,1.0
2023-01-15,2.4,288,1.0,0.1,1.3877787807814457e-17,1,False,True,11.003472222222221,17.0,288,12,0.0,1.0
2023-01-16,27.775000000000002,288,1.0,0.1,1.2365732886747507,29,False,True,11.01388888888889,18.0,288,13,11.666666666666666,1.0
2023-01-17,23.81666666666667,270,0.9375,1.2,1.1067727650067867,28,False,True,11.422222222222222,18.0,270,13,11.666666666666666,1.0
2023-01-18,,0,0.0,,,0,False,False,,,0,0,,
2023-01-19,,0,0.0,,,0,False,False,,,0,0,,
2023-01-20,,0,0.0,,,0,False,False,,,0,0,,
2023-01-21,,0,0.0,,,0,False,False,,,0,0,,
2023-01-22,,0,0.0,,,0,False,False,,,0,0,,
2023-01-23,,0,0.0,,,0,False,False,,,0,0,,
2023-01-24,,0,0.0,,,0,False,False,,,0,0,,
2023-01-25,,0,0.0,,,0,False,False,,,0,0,,
2023-01-26,,0,0.0,,,0,False,False,,,0,0,,
2023-01-27,,0,0.0,,,0,False,False,,,0,0,,
2023-01-28,,0,0.0,,,0,False,False,,,0,0,,
2023-01-29,,0,0.0,,,0,False,False,,,0,0,,
2023-01-30,,0,0.0,,,0,False,False,,,0,0,,
2023-01-31,,0,0.0,,,0,False,False,,,0,0,,
2023-02-01,,0,0.0,,,0,False,False,,,0,0,,
2023-02-02,,0,0.0,,,0,False,False,,,0,0,,
2023-02-03,,0,0.0,,,0,False,False,,,0,0,,
2023-02-04,,0,0.0,,,0,False,False,,,0,0,,
2023-02-05,,0,0.0,,,0,False,False,,,0,0,,
2023-02-06,,0,0.0,,,0,False,False,,,0,0,,
2023-02-07,,0,0.0,,,0,False,False,,,0,0,,
2023-02-08,,0,0.0,,,0,False,False,,,0,0,,
2023-02-09,,0,0.0,,,0,False,False,,,0,0,,
2023-02-10,,0,0.0,,,0,False,False,,,0,0,,
2023-02-11,,0,0.0,,,0,False,False,,,0,0,,
2023-02-12,,0,0.0,,,0,False,False,,,0,0,,
2023-02-13,,0,0.0,,,0,False,False,,,0,0,,
2023-02-14,,0,0.0,,,0,False,False,,,0,0,,
2023-02-15,,0,0.0,,,0,False,False,,,0,0,,
2023-02-16,,0,0.0,,,0,False,False,,,0,0,,
2023-02-17,,0,0.0,,,0,False,False,,,0,0,,
2023-02-18,,0,0.0,,,0,False,False,,,0,0,,
2023-02-19,,0,0.0,,,0,False,False,,,0,0,,
2023-02-20,,0,0.0,,,0,False,False,,,0,0,,
2023-02-21,,0,0.0,,,0,False,False,,,0,0,,
2023-02-22,,0,0.0,,,0,False,False,,,0,0,,
2023-02-23,,0,0.0,,,0,False,False,,,0,0,,
2023-02-24,,0,0.0,,,0,False,False,,,0,0,,
2023-02-25,,0,0.0,,,0,False,False,,,0,0,,
2023-02-26,,0,0.0,,,0,False,False,,,0,0,,
2023-02-27,4.875,134,0.4652777777777778,0.1,0.6010613802286799,12,False,False,26.541353383458645,33.0,133,14,3.0,
2023-02-28,0.5499999999999999,66,0.22916666666666666,0.1,2.7755575615628914e-17,1,False,False,18.393939393939394,20.0,66,4,0.0,
2023-03-01,,0,0.0,,,0,False,False,,,0,0,,
2023-03-02,,0,0.0,,,0,False,False,,,0,0,,
2023-03-03,,0,0.0,,,0,False,False,,,0,0,,
2023-03-04,,0,0.0,,,0,False,False,,,0,0,,
2023-03-05,,0,0.0,,,0,False,False,,,0,0,,
2023-03-06,,0,0.0,,,0,False,False,,,0,0,,
2023-03-07,,0,0.0,,,0,False,False,,,0,0,,
2023-03-08,,0,0.0,,,0,False,False,,,0,0,,
2023-03-09,6.0583333333333345,101,0.3506944444444444,0.1,0.8647119135651048,12,False,False,25.366336633663366,31.0,101,12,3.833333333333333,
2023-03-10,11.725,288,1.0,0.1,0.5921716961391631,16,False,True,24.11111111111111,31.0,288,14,7.833333333333333,0.0
2023-03-11,1.7083333333333335,126,0.4375,0.1,0.2593441444019427,5,False,False,20.484126984126984,30.0,126,13,0.5833333333333333,0.0
2023-03-12,22.2,222,0.7708333333333334,1.2,6.661338147750939e-16,1,True,False,28.0,28.0,222,1,18.5,0.0
2023-03-13,28.799999999999997,288,1.0,1.2,0.0,1,True,False,28.0,28.0,288,1,24.0,0.0
2023-03-14,28.799999999999997,288,1.0,1.2,0.0,1,True,False,28.0,28.0,288,1,24.0,0.0
2023-03-15,28.799999999999997,288,1.0,1.2,0.0,1,True,False,28.0,28.0,288,1,24.0,0.0
2023-03-16,28.799999999999997,288,1.0,1.2,0.0,1,True,False,28.0,28.0,288,1,24.0,0.0
2023-03-17,28.799999999999997,288,1.0,1.2,0.0,1,True,False,28.0,28.0,288,1,24.0,0.0
2023-03-18,28.799999999999997,288,1.0,1.2,0.0,1,True,False,28.0,28.0,288,1,24.0,0.0
2023-03-19,28.799999999999997,288,1.0,1.2,0.0,1,True,False,28.0,28.0,288,1,24.0,0.0
2023-03-20,12.6,126,0.4375,1.2,6.661338147750939e-16,1,False,False,28.0,28.0,126,1,10.5,0.0
2023-03-21,8.399999999999999,84,0.2916666666666667,1.2,0.0,1,False,False,28.0,28.0,84,1,7.0,0.0
2023-03-22,22.2,222,0.7708333333333334,1.2,6.661338147750939e-16,1,True,False,28.0,28.0,222,1,18.5,0.0
2023-03-23,28.799999999999997,288,1.0,1.2,0.0,1,True,False,28.0,28.0,288,1,24.0,0.0
2023-03-24,28.799999999999997,288,1.0,1.2,0.0,1,True,False,28.0,28.0,288,1,24.0,0.0
2023-03-25,28.799999999999997,288,1.0,1.2,0.0,1,True,False,28.0,28.0,288,1,24.0,0.0
2023-03-26,28.799999999999997,288,1.0,1.2,0.0,1,True,False,28.0,28.0,288,1,24.0,0.0
2023-03-27,28.799999999999997,288,1.0,1.2,0.0,1,True,False,28.0,28.0,288,1,24.0,0.0
2023-03-28,28.799999999999997,288,1.0,1.2,0.0,1,True,False,28.0,28.0,288,1,24.0,0.0
2023-03-29,28.799999999999997,288,1.0,1.2,0.0,1,True,False,28.0,28.0,288,1,24.0,0.0
2023-03-30,21.099999999999998,288,1.0,1.2,0.526370565497561,11,False,True,25.57638888888889,34.0,288,15,16.833333333333332,0.0
2023-03-31,6.458333333333334,288,1.0,0.1,0.3812213799721095,9,False,True,21.743055555555557,32.0,288,15,4.083333333333333,0.0
2023-04-01,4.058333333333334,288,1.0,0.1,0.40933111629836033,8,False,True,22.42361111111111,33.0,288,17,1.4166666666666665,0.0
2023-04-02,2.283333333333333,288,1.0,0.1,0.021505364676669476,2,False,True,24.23263888888889,33.0,288,17,0.0,0.0
2023-04-03,6.291666666666668,288,1.0,0.1,0.37894895433591574,8,False,True,25.05902777777778,33.0,288,15,3.833333333333333,0.0
2023-04-04,6.6416666666666675,288,1.0,0.1,0.4165588691574883,12,False,True,24.84722222222222,32.0,288,15,4.083333333333333,0.0
2023-04-05,11.658333333333333,288,1.0,0.1,0.7344017594284092,15,False,True,25.73263888888889,34.0,288,16,6.833333333333333,0.0
2023-04-06,7.300000000000001,288,1.0,0.1,0.4531333811485434,12,False,True,26.10763888888889,34.0,288,15,4.333333333333333,0.0
2023-04-07,15.958333333333332,288,1.0,0.1,0.7976001300148411,21,False,True,26.53125,35.0,288,17,9.583333333333332,0.0
2023-04-08,12.48333333333333,288,1.0,0.1,0.6974736017616157,12,False,True,26.697916666666668,36.0,288,18,6.833333333333333,0.0
2023-04-09,2.4,288,1.0,0.1,1.3877787807814457e-17,1,False,True,27.88888888888889,38.0,288,20,0.0,0.0
2023-04-10,22.083333333333332,288,1.0,0.1,1.001878781001468,27,False,True,28.020833333333332,36.0,288,17,11.166666666666666,0.0
2023-04-11,18.375,288,1.0,0.1,0.871360859956361,24,False,True,29.19097222222222,37.0,288,17,10.083333333333332,0.0
2023-04-12,17.416666666666668,288,1.0,0.1,0.769040394815529,20,False,True,30.586805555555557,37.0,288,13,10.75,0.0
2023-04-13,21.816666666666666,288,1.0,1.1,0.9031129185615936,21,False,True,31.39236111111111,38.0,288,14,13.25,0.0
2023-04-14,24.833333333333336,288,1.0,1.2,1.0512109052345067,25,False,True,31.25347222222222,39.0,288,16,12.166666666666666,0.0
2023-04-15,2.9916666666666663,288,1.0,0.1,0.32067076659377525,6,False,True,33.47222222222222,47.0,288,24,0.5,0.0
2023-04-16,1.9749999999999999,288,1.0,0.1,0.03817392125376812,2,False,True,33.27777777777778,46.0,288,23,0.0,0.0
2023-04-17,37.608333333333334,288,1.0,1.35,1.6354117642648862,45,False,True,32.673611111111114,41.0,288,17,12.416666666666666,0.0
2023-04-18,38.53333333333333,288,1.0,1.3,1.6212682697410494,45,False,True,33.326388888888886,40.0,288,14,13.583333333333332,0.0
2023-04-19,35.06666666666666,288,1.0,1.2,1.4131383076483384,41,False,True,31.822916666666668,38.0,288,13,14.416666666666666,0.0
2023-04-20,32.425,288,1.0,1.1,1.455091262291552,39,False,True,29.84027777777778,37.0,288,14,13.0,0.0
2023-04-21,31.59166666666667,288,1.0,1.2,1.3341837113879873,41,False,True,29.802083333333332,37.0,288,15,13.333333333333332,0.0
2023-04-22,17.541666666666664,288,1.0,0.1,0.8766947184948295,23,False,True,30.07638888888889,38.0,288,15,9.333333333333332,0.0
2023-04-23,6.050000000000001,288,1.0,0.1,0.38908167344544914,9,False,True,27.708333333333332,37.0,288,14,4.083333333333333,0.0
2023-04-24,20.150000000000002,288,1.0,0.55,0.9546828116360604,25,False,True,27.63888888888889,34.0,288,14,12.0,0.0
2023-04-25,21.916666666666664,288,1.0,1.2,0.9091163695052846,29,False,True,27.944444444444443,35.0,288,14,13.083333333333332,0.0
2023-04-26,18.65833333333333,288,1.0,0.1,1.083947419880853,33,False,True,29.6875,36.0,288,14,8.833333333333332,0.0
2023-04-27,24.60833333333333,288,1.0,0.1,1.4006012663190428,45,False,True,30.06597222222222,38.0,288,16,9.5,0.0
2023-04-28,20.316666666666666,288,1.0,0.1,1.0505562808476256,31,False,True,28.95138888888889,36.0,288,13,10.5,0.0
2023-04-29,14.991666666666667,288,1.0,0.1,0.9755606744004847,29,False,True,28.555555555555557,34.0,288,11,7.416666666666666,0.0
2023-04-30,2.1499999999999995,288,1.0,0.1,0.030547663122114956,2,False,True,25.79513888888889,35.0,288,16,0.0,0.0
2023-05-01,11.283333333333331,288,1.0,0.1,0.8532275211994153,21,False,True,22.083333333333332,31.0,288,13,5.0,0.0
2023-05-02,6.625,288,1.0,0.1,0.42940805307034785,12,False,True,23.649305555555557,31.0,288,12,3.75,0.0
2023-05-03,9.066666666666666,288,1.0,0.1,0.6501008943537196,18,False,True,23.09722222222222,33.0,288,14,4.416666666666666,0.0
2023-05-04,18.624999999999996,288,1.0,0.1,0.9815037490376693,26,False,True,25.42013888888889,38.0,288,20,9.5,0.0
2023-05-05,15.533333333333331,288,1.0,0.1,1.0126590714854276,24,False,True,28.07638888888889,36.0,288,15,8.166666666666666,0.0
2023-05-06,9.233333333333333,288,1.0,0.1,0.7327004318543194,19,False,True,29.45138888888889,37.0,288,15,3.6666666666666665,0.0
2023-05-07,2.1499999999999995,288,1.0,0.1,0.030547663122114953,2,False,True,29.899305555555557,43.0,288,22,0.0,0.0
2023-05-08,30.224999999999998,288,1.0,0.1,1.7090188538188609,48,False,True,29.76736111111111,37.0,288,14,10.083333333333332,0.0
2023-05-09,20.691666666666666,275,0.9548611111111112,0.1,1.777881960216372,40,False,True,29.825454545454544,37.0,275,15,6.333333333333333,0.0
2023-05-10,10.091666666666667,174,0.6041666666666666,0.1,1.1468276682313494,23,False,False,28.53448275862069,37.0,174,15,4.5,0.0
2023-05-11,46.25,222,0.7708333333333334,2.5,0.0,1,True,False,36.0,36.0,222,1,18.5,0.0
2023-05-12,53.75,258,0.8958333333333334,2.5,0.0,1,True,False,36.0,36.0,258,1,21.5,0.0
2023-05-13,46.25,222,0.7708333333333334,2.5,0.0,1,True,False,36.0,36.0,222,1,18.5,0.0
2023-05-14,59.999999999999986,288,1.0,2.5,0.0,1,True,False,36.0,36.0,288,1,24.0,0.0
2023-05-15,59.999999999999986,288,1.0,2.5,0.0,1,True,False,36.0,36.0,288,1,24.0,0.0
2023-05-16,59.999999999999986,288,1.0,2.5,0.0,1,True,False,36.0,36.0,288,1,24.0,0.0
2023-05-17,59.999999999999986,288,1.0,2.5,0.0,1,True,False,36.0,36.0,288,1,24.0,0.0
2023-05-18,59.999999999999986,288,1.0,2.5,0.0,1,True,False,36.0,36.0,288,1,24.0,0.0
2023-05-19,59.999999999999986,288,1.0,2.5,0.0,1,True,False,36.0,36.0,288,1,24.0,0.0
2023-05-20,59.999999999999986,288,1.0,2.5,0.0,1,True,False,36.0,36.0,288,1,24.0,0.0
2023-05-21,23.75,114,0.3958333333333333,2.5,0.0,1,False,False,36.0,36.0,114,1,9.5,0.0
2023-05-22,46.25,222,0.7708333333333334,2.5,0.0,1,True,False,36.0,36.0,222,1,18.5,0.0
2023-05-23,59.999999999999986,288,1.0,2.5,0.0,1,True,False,36.0,36.0,288,1,24.0,0.0
2023-05-24,59.999999999999986,288,1.0,2.5,0.0,1,True,False,36.0,36.0,288,1,24.0,0.0
2023-05-25,59.999999999999986,288,1.0,2.5,0.0,1,True,False,36.0,36.0,288,1,24.0,0.0
2023-05-26,59.999999999999986,288,1.0,2.5,0.0,1,True,False,36.0,36.0,288,1,24.0,0.0
2023-05-27,59.999999999999986,288,1.0,2.5,0.0,1,True,False,36.0,36.0,288,1,24.0,0.0
2023-05-28,59.999999999999986,288,1.0,2.5,0.0,1,True,False,36.0,36.0,288,1,24.0,0.0
2023-05-29,59.999999999999986,288,1.0,2.5,0.0,1,True,False,36.0,36.0,288,1,24.0,0.0
2023-05-30,46.49999999999999,288,1.0,2.5,1.016794732371179,24,False,True,33.10069444444444,36.0,288,11,19.5,0.0
2023-05-31,21.525,288,1.0,0.1,0.9778576134349918,31,False,True,26.73611111111111,34.0,288,13,11.333333333333332,0.0
2023-06-01,18.825,288,1.0,0.1,1.0076093949087281,29,False,True,27.25347222222222,34.0,288,13,10.666666666666666,0.0
2023-06-02,17.191666666666666,288,1.0,0.1,0.8143958620827276,25,False,True,29.17013888888889,36.0,288,14,10.166666666666666,0.0
2023-06-03,16.983333333333334,288,1.0,0.1,1.2300677409706116,27,False,True,31.086805555555557,38.0,288,14,5.25,0.0
2023-06-04,2.1083333333333334,288,1.0,0.1,0.0326739616523881,2,False,True,30.743055555555557,39.0,288,18,0.0,0.0
2023-06-05,37.86666666666666,288,1.0,0.65,1.784265505764691,47,False,True,32.25,38.0,288,13,12.0,0.0
2023-06-06,26.166666666666664,288,1.0,0.1,1.2962456173955939,37,False,True,31.430555555555557,38.0,288,16,10.5,0.0
2023-06-07,28.4,288,1.0,0.1,1.3183270122056632,37,False,True,32.701388888888886,38.0,288,12,11.916666666666666,0.0
2023-06-08,33.425,288,1.0,0.1,1.639523439715029,43,False,True,33.74305555555556,40.0,288,13,11.0,0.0
2023-06-09,31.341666666666665,288,1.0,0.1,1.5708940806973783,43,False,True,34.420138888888886,41.0,288,13,10.5,0.0
2023-06-10,4.8916666666666675,288,1.0,0.1,0.5018915560819468,10,False,True,35.9375,51.0,288,22,1.3333333333333333,0.0
2023-06-11,2.75,288,1.0,0.1,0.2758745563355442,7,False,True,34.451388888888886,45.0,288,20,0.41666666666666663,0.0
2023-06-12,56.30833333333333,288,1.0,2.1,2.717379634594843,60,False,True,35.28472222222222,41.0,288,12,12.833333333333332,0.0
2023-06-13,49.225,288,1.0,2.2,1.9928341134724297,52,False,True,36.94444444444444,43.0,288,12,14.083333333333332,0.0
2023-06-14,53.15,288,1.0,1.4,2.4484680230140277,63,False,True,35.5625,43.0,288,13,14.083333333333332,0.0
2023-06-15,44.099999999999994,288,1.0,0.1,2.272186141386993,54,False,True,33.732638888888886,38.0,288,9,10.916666666666666,0.0
2023-06-16,38.71666666666667,288,1.0,0.1,1.8459883880615349,51,False,True,32.111111111111114,38.0,288,15,11.833333333333332,0.0
2023-06-17,3.433333333333333,288,1.0,0.1,0.3106115781311698,8,False,True,34.25347222222222,47.0,288,19,1.0,0.0
2023-06-18,1.8416666666666666,288,1.0,0.1,0.04225139480128817,2,False,True,34.236111111111114,43.0,288,13,0.0,0.0
2023-06-19,39.28333333333333,288,1.0,0.1,2.0482291310550362,51,False,True,29.145833333333332,35.0,288,11,11.583333333333332,0.0
2023-06-20,24.05833333333333,288,1.0,0.1,1.1991726004762722,34,False,True,31.506944444444443,39.0,288,13,10.916666666666666,0.0
2023-06-21,26.075,288,1.0,0.1,1.3308794965642081,39,False,True,32.423611111111114,37.0,288,9,11.0,0.0
2023-06-22,23.174999999999997,288,1.0,0.1,1.2087494793460902,33,False,True,33.40277777777778,38.0,288,9,10.666666666666666,0.0
2023-06-23,40.824999999999996,288,1.0,0.1,2.003373619516589,51,False,True,33.260416666666664,37.0,288,11,11.25,0.0
2023-06-24,4.4,288,1.0,0.1,0.4849112175325385,13,False,True,32.954861111111114,37.0,288,8,1.1666666666666665,0.0
2023-06-25,2.0999999999999996,288,1.0,0.1,0.033071891388307385,2,False,True,26.87152777777778,33.0,288,10,0.0,0.0
2023-06-26,24.908333333333335,288,1.0,0.1,1.3770155243993178,39,False,True,29.5625,34.0,288,9,10.75,0.0
2023-06-27,20.833333333333332,288,1.0,0.1,1.1223519933218724,32,False,True,30.4375,36.0,288,12,10.083333333333332,0.0
2023-06-28,27.941666666666663,288,1.0,0.1,1.4836863249751309,41,False,True,31.368055555555557,37.0,288,10,10.25,0.0
2023-06-29,27.233333333333334,288,1.0,0.1,1.375975383563543,40,False,True,30.09027777777778,35.0,288,11,11.166666666666666,0.020833333333333332
2023-06-30,33.75833333333333,288,1.0,1.1,1.7096513871394483,51,False,True,29.18402777777778,35.0,288,11,12.75,0.0
2023-07-01,0.5499999999999999,66,0.22916666666666666,0.1,2.7755575615628914e-17,1,False,False,27.5,28.0,66,2,0.0,0.0
