date,actual_kwh,pred_calendar,low_calendar,high_calendar,reason_1_calendar,reason_2_calendar,reason_3_calendar,in_range_calendar,is_weekend,baseline_last_week,baseline_typical_weekday,outdoor_today,kind,pred_weather,low_weather,high_weather,reason_1_weather,reason_2_weather,reason_3_weather,in_range_weather
2023-04-01,4.058333333333334,2.5952064990997314,0.0,10.595206499099731,"This same weekday last week has no trustworthy reading, so that clue is left out.","Saturdays tend to use less electricity, so the forecast moves down.","Yesterday it was about 22 degrees outside, which pushes the guess down.",True,1,,6.566666666666666,22.42361111111111,replay,2.679009437561035,0.0,10.679009437561035,"This same weekday last week has no trustworthy reading, so that clue is left out.","Saturdays tend to use less electricity, so the forecast moves down.","Recent Saturdays used about 6.6 units, which pushes the guess down.",True
2023-04-02,2.283333333333333,2.123026132583618,0.0,10.123026132583618,"This same weekday last week has no trustworthy reading, so that clue is left out.","Recent Sundays used about 2.4 units, which pushes the guess down.","Sundays tend to use less electricity, so the forecast moves down.",True,1,,2.4,24.23263888888889,replay,2.227599620819092,0.0,10.227599620819092,"This same weekday last week has no trustworthy reading, so that clue is left out.","Recent Sundays used about 2.4 units, which pushes the guess down.","Sundays tend to use less electricity, so the forecast moves down.",True
2023-04-03,6.291666666666668,13.926504135131836,5.926504135131836,21.926504135131836,"This same weekday last week has no trustworthy reading, so that clue is left out.","Recent Mondays used about 21 units, which pushes the guess up.","Yesterday it was about 24 degrees outside, which pushes the guess down.",True,0,,21.1125,25.05902777777778,replay,14.226907730102539,6.226907730102539,22.22690773010254,"Recent Mondays used about 21 units, which pushes the guess up.","This same weekday last week has no trustworthy reading, so that clue is left out.","Mondays tend to use more electricity, so the forecast moves up.",True
2023-04-04,6.6416666666666675,11.92061996459961,3.9206199645996094,19.92061996459961,"This same weekday last week has no trustworthy reading, so that clue is left out.","Yesterday it was about 25 degrees outside, which pushes the guess down.","Recent Tuesdays used about 22 units, which pushes the guess up.",True,0,,22.337500000000002,24.84722222222222,replay,12.12365436553955,4.123654365539551,20.12365436553955,"This same weekday last week has no trustworthy reading, so that clue is left out.","Recent Tuesdays used about 22 units, which pushes the guess up.","Tuesdays tend to use more electricity, so the forecast moves up.",True
2023-04-05,11.658333333333333,11.991623878479004,3.991623878479004,19.991623878479004,"This same weekday last week has no trustworthy reading, so that clue is left out.","Yesterday it was about 25 degrees outside, which pushes the guess down.","Recent Wednesdays used about 28 units, which pushes the guess up.",True,0,,28.158333333333335,25.73263888888889,replay,12.286680221557617,4.286680221557617,20.286680221557617,"This same weekday last week has no trustworthy reading, so that clue is left out.","Recent Wednesdays used about 28 units, which pushes the guess up.","Yesterday it was about 25 degrees outside, which pushes the guess down.",True
2023-04-06,7.300000000000001,12.856307029724121,0.9400755055745442,13.407460120519001,"Yesterday it was about 26 degrees outside, which pushes the guess down.","Yesterday the unit used about 12 units, which pushes the guess down.","Recent Thursdays used about 23 units, which pushes the guess up.",True,0,21.099999999999998,23.31666666666667,26.10763888888889,replay,13.216170310974121,1.7048072942097985,15.307592995961507,"Today is about 26 degrees outside, which pushes the guess down.","Recent Thursdays used about 23 units, which pushes the guess up.","Yesterday it was about 26 degrees outside, which pushes the guess down.",True
2023-04-07,15.958333333333332,9.252387046813965,0.0,9.673258174260457,"This same weekday last week used about 6.5 units, which pushes the guess down.","Yesterday it was about 26 degrees outside, which pushes the guess down.","Yesterday the unit used about 7.3 units, which pushes the guess down.",False,0,6.458333333333334,17.016666666666666,26.53125,replay,8.655943870544434,0.0,10.510000292460123,"This same weekday last week used about 6.5 units, which pushes the guess down.","Yesterday the unit used about 7.3 units, which pushes the guess down.","Yesterday it was about 26 degrees outside, which pushes the guess down.",False
2023-04-08,12.48333333333333,7.2064900398254395,0.0,9.718180764516195,"This same weekday last week used about 4.1 units, which pushes the guess down.","Saturdays tend to use less electricity, so the forecast moves down.","Yesterday it was about 27 degrees outside, which pushes the guess down.",False,1,4.058333333333334,6.566666666666666,26.697916666666668,replay,7.548985481262207,0.0,12.011852595011392,"This same weekday last week used about 4.1 units, which pushes the guess down.","Saturdays tend to use less electricity, so the forecast moves down.","Recent Saturdays used about 6.6 units, which pushes the guess down.",False
2023-04-09,2.4,4.107945442199707,0.0,9.527699035008744,"This same weekday last week used about 2.3 units, which pushes the guess down.","Sundays tend to use less electricity, so the forecast moves down.","Recent Sundays used about 2.4 units, which pushes the guess down.",True,1,2.283333333333333,2.4,27.88888888888889,replay,3.886215925216675,0.0,9.057367938359576,"This same weekday last week used about 2.3 units, which pushes the guess down.","Sundays tend to use less electricity, so the forecast moves down.","Recent Sundays used about 2.4 units, which pushes the guess down.",True
2023-04-10,22.083333333333332,12.613595008850098,4.97875754038493,17.89043830235799,"This same weekday last week used about 6.3 units, which pushes the guess down.","Recent Mondays used about 21 units, which pushes the guess up.","Yesterday it was about 28 degrees outside, which pushes the guess down.",False,0,6.291666666666668,21.1125,28.020833333333332,replay,14.3136568069458,6.37841574350993,19.248004659016924,"Recent Mondays used about 21 units, which pushes the guess up.","This same weekday last week used about 6.3 units, which pushes the guess down.","Mondays tend to use more electricity, so the forecast moves up.",False
2023-04-11,18.375,20.042455673217773,11.407092348734539,27.5775395711263,"Recent Tuesdays used about 20 units, which pushes the guess up.","Tuesdays tend to use more electricity, so the forecast moves up.","Yesterday it was about 28 degrees outside, which pushes the guess down.",True,0,6.6416666666666675,20.408333333333335,29.19097222222222,replay,18.89137840270996,10.087403361002606,26.33395398457845,"Recent Tuesdays used about 20 units, which pushes the guess up.","Tuesdays tend to use more electricity, so the forecast moves up.","This same weekday last week used about 6.6 units, which pushes the guess down.",True
2023-04-12,17.416666666666668,19.486560821533203,11.184706115722658,26.745265515645343,"Yesterday it was about 29 degrees outside, which pushes the guess down.","Recent Wednesdays used about 25 units, which pushes the guess up.","Wednesdays tend to use more electricity, so the forecast moves up.",True,0,11.658333333333333,25.087500000000002,30.586805555555557,replay,19.1008243560791,10.586427307128908,26.496671231587726,"Recent Wednesdays used about 25 units, which pushes the guess up.","Wednesdays tend to use more electricity, so the forecast moves up.","Yesterday it was about 29 degrees outside, which pushes the guess down.",True
2023-04-13,21.816666666666666,18.52042579650879,10.552079709370933,25.50275128682454,"Recent Thursdays used about 23 units, which pushes the guess up.","This same weekday last week used about 7.3 units, which pushes the guess down.","Yesterday the unit used about 17 units, which pushes the guess down.",True,0,7.300000000000001,23.31666666666667,31.39236111111111,replay,19.099061965942383,10.87424290974935,26.448180135091143,"Recent Thursdays used about 23 units, which pushes the guess up.","This same weekday last week used about 7.3 units, which pushes the guess down.","Today is about 31 degrees outside, which pushes the guess up.",True
2023-04-14,24.833333333333336,18.57149887084961,10.936661402384441,25.277445157368977,"Yesterday the unit used about 22 units, which pushes the guess down.","This same weekday last week used about 16 units, which pushes the guess up.","Yesterday the unit ran for about 13 hours, which pushes the guess up.",True,0,15.958333333333332,13.841666666666665,31.25347222222222,replay,20.135299682617188,12.200058619181316,27.437689145406086,"This same weekday last week used about 16 units, which pushes the guess up.","Today is about 31 degrees outside, which pushes the guess up.","Yesterday the unit ran for about 13 hours, which pushes the guess up.",True
2023-04-15,2.9916666666666663,10.023710250854492,3.428138001759848,16.50760062535604,"Saturdays tend to use less electricity, so the forecast moves down.","Recent Saturdays used about 6.6 units, which pushes the guess down.","Yesterday it was about 31 degrees outside, which pushes the guess down.",False,1,12.48333333333333,6.566666666666666,33.47222222222222,replay,8.830673217773438,1.9049675305684417,14.949041875203449,"Saturdays tend to use less electricity, so the forecast moves down.","Recent Saturdays used about 6.6 units, which pushes the guess down.","Yesterday the unit ran for about 12 hours, which pushes the guess up.",True
2023-04-16,1.9749999999999999,1.8942759037017822,0.0,8.333755095799766,"This same weekday last week used about 2.4 units, which pushes the guess down.","Sundays tend to use less electricity, so the forecast moves down.","Recent Sundays used about 2.4 units, which pushes the guess down.",True,1,2.4,2.4,33.27777777777778,replay,0.9881718158721924,0.0,6.869736312230427,"This same weekday last week used about 2.4 units, which pushes the guess down.","Sundays tend to use less electricity, so the forecast moves down.","Recent Sundays used about 2.4 units, which pushes the guess down.",True
2023-04-17,37.608333333333334,29.169586181640625,21.742601757049563,35.83112128575643,"Yesterday it was about 33 degrees outside, which pushes the guess up.","Recent Mondays used about 25 units, which pushes the guess up.","Mondays tend to use more electricity, so the forecast moves up.",False,0,22.083333333333332,24.929166666666667,32.673611111111114,replay,29.72969627380371,21.996362285614016,36.77165015538534,"Yesterday it was about 33 degrees outside, which pushes the guess up.","Recent Mondays used about 25 units, which pushes the guess up.","Mondays tend to use more electricity, so the forecast moves up.",False
2023-04-18,38.53333333333333,33.44867706298828,26.229545682271322,41.54086404164632,"Yesterday the unit used about 38 units, which pushes the guess up.","Recent Tuesdays used about 21 units, which pushes the guess up.","This same weekday last week used about 18 units, which pushes the guess up.",True,0,18.375,21.095833333333335,33.326388888888886,replay,35.032005310058594,27.500578397115074,42.7082244237264,"Yesterday the unit used about 38 units, which pushes the guess up.","Recent Tuesdays used about 21 units, which pushes the guess up.","Tuesdays tend to use more electricity, so the forecast moves up.",True
2023-04-19,35.06666666666666,33.448394775390625,26.437116438547772,41.367301667531336,"Yesterday it was about 33 degrees outside, which pushes the guess up.","Yesterday the unit used about 39 units, which pushes the guess up.","Recent Wednesdays used about 23 units, which pushes the guess up.",True,0,17.416666666666668,23.058333333333337,31.822916666666668,replay,34.927764892578125,27.598245054880778,42.557255299886066,"Yesterday the unit used about 39 units, which pushes the guess up.","This same weekday last week used about 17 units, which pushes the guess up.","Recent Wednesdays used about 23 units, which pushes the guess up.",True
2023-04-20,32.425,29.159339904785156,22.35591461181641,36.90496671040853,"Yesterday the unit used about 35 units, which pushes the guess up.","Recent Thursdays used about 21 units, which pushes the guess up.","This same weekday last week used about 22 units, which pushes the guess up.",True,0,21.816666666666666,21.458333333333332,29.84027777777778,replay,24.414756774902344,17.287144012451172,31.99751847585042,"Yesterday the unit used about 35 units, which pushes the guess up.","Today is about 30 degrees outside, which pushes the guess down.","Recent Thursdays used about 21 units, which pushes the guess up.",False
2023-04-21,31.59166666666667,21.545360565185547,14.949788316090903,29.117707284291583,"Yesterday the unit used about 32 units, which pushes the guess up.","Yesterday it was about 30 degrees outside, which pushes the guess down.","This same weekday last week used about 25 units, which pushes the guess up.",False,0,24.833333333333336,13.841666666666665,29.802083333333332,replay,21.62375831604004,14.698052628835043,29.447915108998615,"Yesterday the unit used about 32 units, which pushes the guess up.","This same weekday last week used about 25 units, which pushes the guess up.","Today is about 30 degrees outside, which pushes the guess down.",False
2023-04-22,17.541666666666664,9.311904907226562,2.5750086339314784,17.404091885884604,"This same weekday last week used about 3.0 units, which pushes the guess down.","Saturdays tend to use less electricity, so the forecast moves down.","Yesterday the unit used about 32 units, which pushes the guess up.",False,1,2.9916666666666663,4.7666666666666675,30.07638888888889,replay,10.158504486083984,4.257766927083334,18.01534943898519,"This same weekday last week used about 3.0 units, which pushes the guess down.","Yesterday the unit used about 32 units, which pushes the guess up.","Saturdays tend to use less electricity, so the forecast moves down.",True
2023-04-23,6.050000000000001,3.9674746990203857,0.0,12.343526233037313,"Sundays tend to use less electricity, so the forecast moves down.","This same weekday last week used about 2.0 units, which pushes the guess down.","Recent Sundays used about 2.3 units, which pushes the guess down.",True,1,1.9749999999999999,2.341666666666667,27.708333333333332,replay,3.866076946258545,0.0,11.712025845845542,"This same weekday last week used about 2.0 units, which pushes the guess down.","Sundays tend to use less electricity, so the forecast moves down.","Recent Sundays used about 2.3 units, which pushes the guess down.",True
2023-04-24,20.150000000000002,20.872690200805664,14.484970995585126,29.723833821614583,"This same weekday last week used about 38 units, which pushes the guess up.","Yesterday it was about 28 degrees outside, which pushes the guess down.","Mondays tend to use more electricity, so the forecast moves up.",True,0,37.608333333333334,24.929166666666667,27.63888888888889,replay,21.117551803588867,14.393753191630047,29.048831329345703,"This same weekday last week used about 38 units, which pushes the guess up.","Recent Mondays used about 25 units, which pushes the guess up.","Today is about 28 degrees outside, which pushes the guess down.",True
2023-04-25,21.916666666666664,21.23334312438965,15.053476963043213,29.981387627919517,"This same weekday last week used about 39 units, which pushes the guess up.","Yesterday it was about 28 degrees outside, which pushes the guess down.","Tuesdays tend to use more electricity, so the forecast moves up.",True,0,38.53333333333333,21.095833333333335,27.944444444444443,replay,21.589181900024414,15.06729036331177,29.507300809224446,"This same weekday last week used about 39 units, which pushes the guess up.","Tuesdays tend to use more electricity, so the forecast moves up.","Recent Tuesdays used about 21 units, which pushes the guess up.",True
2023-04-26,18.65833333333333,23.829153060913086,17.857139943440757,32.4740984471639,"This same weekday last week used about 35 units, which pushes the guess up.","Yesterday it was about 28 degrees outside, which pushes the guess down.","Wednesdays tend to use more electricity, so the forecast moves up.",True,0,35.06666666666666,23.058333333333337,29.6875,replay,23.181568145751953,16.861583684285485,31.086526438395182,"This same weekday last week used about 35 units, which pushes the guess up.","Recent Wednesdays used about 23 units, which pushes the guess up.","Yesterday it was about 28 degrees outside, which pushes the guess down.",True
2023-04-27,24.60833333333333,18.690670013427734,12.92650993982951,27.232516282399498,"This same weekday last week used about 32 units, which pushes the guess up.","Yesterday it was about 30 degrees outside, which pushes the guess down.","Recent Thursdays used about 21 units, which pushes the guess up.",True,0,32.425,21.458333333333332,30.06597222222222,replay,19.706323623657227,13.58824623743693,27.598121299743653,"This same weekday last week used about 32 units, which pushes the guess up.","Recent Thursdays used about 21 units, which pushes the guess up.","Yesterday it was about 30 degrees outside, which pushes the guess down.",True
2023-04-28,20.316666666666666,23.059837341308594,17.295677267710367,31.601683610280357,"This same weekday last week used about 32 units, which pushes the guess up.","Recent Fridays used about 20 units, which pushes the guess up.","Yesterday it was about 30 degrees outside, which pushes the guess down.",True,0,31.59166666666667,20.395833333333336,28.95138888888889,replay,21.282100677490234,15.164023291269938,29.17389835357666,"This same weekday last week used about 32 units, which pushes the guess up.","Recent Fridays used about 20 units, which pushes the guess up.","Today is about 29 degrees outside, which pushes the guess down.",True
2023-04-29,14.991666666666667,11.76663589477539,8.46146100997925,17.929354728062943,"Saturdays tend to use less electricity, so the forecast moves down.","Yesterday it was about 29 degrees outside, which pushes the guess down.","This same weekday last week used about 18 units, which pushes the guess up.",True,1,17.541666666666664,8.270833333333332,28.555555555555557,replay,12.285988807678223,9.49393569469452,17.954980958302812,"Saturdays tend to use less electricity, so the forecast moves down.","This same weekday last week used about 18 units, which pushes the guess up.","Yesterday it was about 29 degrees outside, which pushes the guess down.",True
2023-04-30,2.1499999999999995,4.857405185699463,1.5522303009033207,11.020124018987016,"Sundays tend to use less electricity, so the forecast moves down.","This same weekday last week used about 6.1 units, which pushes the guess down.","Recent Sundays used about 2.3 units, which pushes the guess down.",True,1,6.050000000000001,2.341666666666667,25.79513888888889,replay,4.659735202789307,1.8676820898056032,10.328727353413896,"This same weekday last week used about 6.1 units, which pushes the guess down.","Sundays tend to use less electricity, so the forecast moves down.","Recent Sundays used about 2.3 units, which pushes the guess down.",True
2023-05-01,11.283333333333331,17.16413116455078,11.857442493438722,25.705977433522545,"Yesterday it was about 26 degrees outside, which pushes the guess down.","Mondays tend to use more electricity, so the forecast moves up.","Yesterday the unit used about 2.1 units, which pushes the guess down.",False,0,20.150000000000002,21.116666666666667,22.083333333333332,replay,16.458703994750977,10.93329803466797,24.350501670837403,"Today is about 22 degrees outside, which pushes the guess down.","Mondays tend to use more electricity, so the forecast moves up.","Yesterday it was about 26 degrees outside, which pushes the guess down.",True
2023-05-02,6.625,13.99582576751709,8.68913709640503,22.537672036488853,"Yesterday it was about 22 degrees outside, which pushes the guess down.","Yesterday the unit used about 11 units, which pushes the guess down.","Recent Tuesdays used about 20 units, which pushes the guess up.",False,0,21.916666666666664,20.145833333333332,23.649305555555557,replay,13.869962692260742,8.663930327097574,21.76176036834717,"Yesterday it was about 22 degrees outside, which pushes the guess down.","Today is about 24 degrees outside, which pushes the guess down.","Yesterday the unit used about 11 units, which pushes the guess down.",False
2023-05-03,9.066666666666666,13.420151710510254,7.8313956006368,21.961997979482017,"Yesterday it was about 24 degrees outside, which pushes the guess down.","Yesterday the unit used about 6.6 units, which pushes the guess down.","Wednesdays tend to use more electricity, so the forecast moves up.",True,0,18.65833333333333,18.0375,23.09722222222222,replay,12.966573715209961,7.717123088836669,20.858371391296387,"Yesterday it was about 24 degrees outside, which pushes the guess down.","Today is about 23 degrees outside, which pushes the guess down.","Yesterday the unit used about 6.6 units, which pushes the guess down.",True
2023-05-04,18.624999999999996,11.848116874694824,6.259360764821371,20.389963143666588,"Yesterday it was about 23 degrees outside, which pushes the guess down.","Yesterday the unit used about 9.1 units, which pushes the guess down.","Recent Thursdays used about 23 units, which pushes the guess up.",True,0,24.60833333333333,23.2125,25.42013888888889,replay,12.330419540405273,7.080968914031981,20.2222172164917,"Yesterday it was about 23 degrees outside, which pushes the guess down.","Today is about 25 degrees outside, which pushes the guess down.","Yesterday the unit used about 9.1 units, which pushes the guess down.",True
2023-05-05,15.533333333333331,14.904326438903809,9.662508900960285,23.446172707875572,"Yesterday it was about 25 degrees outside, which pushes the guess down.","Yesterday the unit used about 19 units, which pushes the guess down.","Recent Fridays used about 23 units, which pushes the guess up.",True,0,20.316666666666666,22.575000000000003,28.07638888888889,replay,16.103269577026367,11.514821179707843,23.995067253112794,"Yesterday it was about 25 degrees outside, which pushes the guess down.","Today is about 28 degrees outside, which pushes the guess down.","Recent Fridays used about 23 units, which pushes the guess up.",True
2023-05-06,9.233333333333333,10.575043678283691,6.57024697303772,16.737762511571244,"Saturdays tend to use less electricity, so the forecast moves down.","Yesterday it was about 28 degrees outside, which pushes the guess down.","This same weekday last week used about 15 units, which pushes the guess up.",True,1,14.991666666666667,13.737499999999999,29.45138888888889,replay,12.435722351074219,8.927205743789672,18.10471450169881,"Saturdays tend to use less electricity, so the forecast moves down.","This same weekday last week used about 15 units, which pushes the guess up.","Yesterday the unit used about 16 units, which pushes the guess down.",True
2023-05-07,2.1499999999999995,2.8798294067382812,0.0,7.606279474894205,"This same weekday last week used about 2.1 units, which pushes the guess down.","Sundays tend to use less electricity, so the forecast moves down.","Recent Sundays used about 2.3 units, which pushes the guess down.",True,1,2.1499999999999995,2.2749999999999995,29.899305555555557,replay,3.310133457183838,0.0,7.419056612650552,"This same weekday last week used about 2.1 units, which pushes the guess down.","Sundays tend to use less electricity, so the forecast moves down.","Recent Sundays used about 2.3 units, which pushes the guess down.",True
2023-05-08,30.224999999999998,18.201793670654297,12.959976132710773,26.74363993962606,"Recent Mondays used about 21 units, which pushes the guess up.","Mondays tend to use more electricity, so the forecast moves up.","Yesterday the unit used about 2.1 units, which pushes the guess down.",False,0,11.283333333333331,21.116666666666667,29.76736111111111,replay,17.514455795288086,12.926007397969562,25.406253471374512,"Recent Mondays used about 21 units, which pushes the guess up.","Mondays tend to use more electricity, so the forecast moves up.","Yesterday the unit used about 2.1 units, which pushes the guess down.",False
2023-05-09,20.691666666666666,24.329669952392578,19.087852414449053,32.92917299906413,"Yesterday the unit used about 30 units, which pushes the guess up.","Recent Tuesdays used about 20 units, which pushes the guess up.","This same weekday last week used about 6.6 units, which pushes the guess down.",True,0,6.625,20.145833333333332,29.825454545454544,replay,22.111536026000977,17.523087628682454,30.31754576365153,"Yesterday the unit used about 30 units, which pushes the guess up.","Recent Tuesdays used about 20 units, which pushes the guess up.","This same weekday last week used about 6.6 units, which pushes the guess down.",True
2023-05-30,46.49999999999999,23.33131980895996,18.072632548014322,31.682099895477293,"This same weekday last week has no trustworthy reading, so that clue is left out.","Recent Tuesdays used about 21 units, which pushes the guess up.","Tuesdays tend to use more electricity, so the forecast moves up.",False,0,,21.304166666666667,33.10069444444444,replay,24.933094024658203,20.029670282999675,33.15246360778808,"This same weekday last week has no trustworthy reading, so that clue is left out.","Recent Tuesdays used about 21 units, which pushes the guess up.","Tuesdays tend to use more electricity, so the forecast moves up.",False
2023-05-31,21.525,31.244253158569336,27.39160534540812,46.611101646423336,"Yesterday the unit used about 46 units, which pushes the guess up.","Recent Wednesdays used about 18 units, which pushes the guess up.","This same weekday last week has no trustworthy reading, so that clue is left out.",False,0,,18.0375,26.73611111111111,replay,26.600454330444336,23.188809903462726,41.967907066345205,"Yesterday the unit used about 46 units, which pushes the guess up.","Recent Wednesdays used about 18 units, which pushes the guess up.","Wednesdays tend to use more electricity, so the forecast moves up.",False
2023-06-01,18.825,14.221419334411621,8.759041086832681,29.58826782226562,"This same weekday last week has no trustworthy reading, so that clue is left out.","Yesterday it was about 27 degrees outside, which pushes the guess down.","Recent Thursdays used about 23 units, which pushes the guess up.",True,0,,23.2125,27.25347222222222,replay,15.856785774230957,12.092477162679035,31.22423851013183,"Recent Thursdays used about 23 units, which pushes the guess up.","This same weekday last week has no trustworthy reading, so that clue is left out.","Yesterday it was about 27 degrees outside, which pushes the guess down.",True
2023-06-02,17.191666666666666,16.47725486755371,11.014876619974771,31.84410335540771,"This same weekday last week has no trustworthy reading, so that clue is left out.","Recent Fridays used about 23 units, which pushes the guess up.","Yesterday it was about 27 degrees outside, which pushes the guess down.",True,0,,22.575000000000003,29.17013888888889,replay,16.149362564086914,12.385053952534992,31.516815299987787,"Recent Fridays used about 23 units, which pushes the guess up.","This same weekday last week has no trustworthy reading, so that clue is left out.","Yesterday it was about 27 degrees outside, which pushes the guess down.",True
2023-06-03,16.983333333333334,9.462627410888672,4.000249163309733,24.829475898742672,"This same weekday last week has no trustworthy reading, so that clue is left out.","Saturdays tend to use less electricity, so the forecast moves down.","Yesterday the unit ran for about 10 hours, which pushes the guess up.",True,1,,12.1125,31.086805555555557,replay,10.623444557189941,6.85913594563802,25.990897293090814,"Saturdays tend to use less electricity, so the forecast moves down.","This same weekday last week has no trustworthy reading, so that clue is left out.","Yesterday the unit ran for about 10 hours, which pushes the guess up.",True
2023-06-04,2.1083333333333334,2.7398393154144287,0.0,18.10668780326843,"Recent Sundays used about 2.1 units, which pushes the guess down.","Sundays tend to use less electricity, so the forecast moves down.","This same weekday last week has no trustworthy reading, so that clue is left out.",True,1,,2.1499999999999995,30.743055555555557,replay,3.7211618423461914,1.2046169916788734,19.088614578247064,"Recent Sundays used about 2.1 units, which pushes the guess down.","Sundays tend to use less electricity, so the forecast moves down.","This same weekday last week has no trustworthy reading, so that clue is left out.",True
2023-06-05,37.86666666666666,19.87425422668457,14.41187597910563,35.24110271453857,"Recent Mondays used about 25 units, which pushes the guess up.","This same weekday last week has no trustworthy reading, so that clue is left out.","Mondays tend to use more electricity, so the forecast moves up.",False,0,,25.1875,32.25,replay,19.67168426513672,17.020068009694416,35.03913700103759,"Recent Mondays used about 25 units, which pushes the guess up.","This same weekday last week has no trustworthy reading, so that clue is left out.","Mondays tend to use more electricity, so the forecast moves up.",False
2023-06-06,26.166666666666664,28.102771759033203,22.640393511454263,47.648064524332675,"Recent Tuesdays used about 21 units, which pushes the guess up.","Yesterday the unit used about 38 units, which pushes the guess up.","Tuesdays tend to use more electricity, so the forecast moves up.",True,0,46.49999999999999,21.304166666666667,31.430555555555557,replay,30.80210304260254,28.150486787160236,50.00866251627603,"Recent Tuesdays used about 21 units, which pushes the guess up.","Yesterday the unit used about 38 units, which pushes the guess up.","Today is about 31 degrees outside, which pushes the guess up.",False
2023-06-07,28.4,24.827613830566406,20.556564318339028,44.37290659586588,"Wednesdays tend to use more electricity, so the forecast moves up.","Recent Wednesdays used about 20 units, which pushes the guess up.","Yesterday it was about 31 degrees outside, which pushes the guess up.",True,0,21.525,20.091666666666665,32.701388888888886,replay,26.22199249267578,21.454550730387368,45.428551966349275,"Recent Wednesdays used about 20 units, which pushes the guess up.","Wednesdays tend to use more electricity, so the forecast moves up.","Today is about 33 degrees outside, which pushes the guess up.",True
2023-06-08,33.425,26.184431076049805,22.691696370442706,45.21209706624349,"Recent Thursdays used about 22 units, which pushes the guess up.","Yesterday the unit used about 28 units, which pushes the guess up.","Yesterday it was about 33 degrees outside, which pushes the guess up.",True,0,18.825,21.716666666666665,33.74305555555556,replay,30.292490005493164,25.569050038655597,49.161857121785474,"Recent Thursdays used about 22 units, which pushes the guess up.","Yesterday the unit used about 28 units, which pushes the guess up.","Today is about 34 degrees outside, which pushes the guess up.",True
2023-06-09,31.341666666666665,33.662784576416016,29.391735064188637,53.20807734171549,"Yesterday the unit used about 33 units, which pushes the guess up.","Yesterday it was about 34 degrees outside, which pushes the guess up.","Recent Fridays used about 19 units, which pushes the guess up.",True,0,17.191666666666666,18.754166666666666,34.420138888888886,replay,32.942466735839844,28.17502497355143,52.14902620951334,"Yesterday the unit used about 33 units, which pushes the guess up.","Today is about 34 degrees outside, which pushes the guess up.","Recent Fridays used about 19 units, which pushes the guess up.",True
2023-06-10,4.8916666666666675,23.67252540588379,21.35140749613444,41.66493784586588,"Yesterday it was about 34 degrees outside, which pushes the guess up.","Saturdays tend to use less electricity, so the forecast moves down.","Yesterday the unit used about 31 units, which pushes the guess up.",False,1,16.983333333333334,15.9875,35.9375,replay,21.38421630859375,16.748779932657875,39.57919871012369,"Saturdays tend to use less electricity, so the forecast moves down.","Yesterday it was about 34 degrees outside, which pushes the guess up.","Yesterday the unit used about 31 units, which pushes the guess up.",False
2023-06-11,2.75,4.507000923156738,0.0,21.45224271138509,"Recent Sundays used about 2.1 units, which pushes the guess down.","Sundays tend to use less electricity, so the forecast moves down.","Yesterday it was about 36 degrees outside, which pushes the guess up.",True,1,2.1083333333333334,2.1499999999999995,34.451388888888886,replay,3.352994441986084,0.0,20.364467480977375,"Recent Sundays used about 2.1 units, which pushes the guess down.","Sundays tend to use less electricity, so the forecast moves down.","This same weekday last week used about 2.1 units, which pushes the guess down.",True
2023-06-12,56.30833333333333,37.419254302978516,33.61850934346517,56.4469202931722,"Yesterday it was about 34 degrees outside, which pushes the guess up.","Recent Mondays used about 25 units, which pushes the guess up.","Mondays tend to use more electricity, so the forecast moves up.",True,0,37.86666666666666,25.1875,35.28472222222222,replay,36.59846115112305,31.87502118428548,55.467828267415356,"Recent Mondays used about 25 units, which pushes the guess up.","Today is about 35 degrees outside, which pushes the guess up.","Yesterday it was about 34 degrees outside, which pushes the guess up.",False
2023-06-13,49.225,46.945640563964844,43.884709129333494,66.26267971038817,"Yesterday it was about 35 degrees outside, which pushes the guess up.","Recent Tuesdays used about 23 units, which pushes the guess up.","Yesterday the unit used about 56 units, which pushes the guess up.",True,0,26.166666666666664,23.429166666666667,36.94444444444444,replay,46.75938415527344,42.07994598388672,66.65495971679687,"Today is about 37 degrees outside, which pushes the guess up.","Yesterday it was about 35 degrees outside, which pushes the guess up.","Recent Tuesdays used about 23 units, which pushes the guess up.",True
2023-06-14,53.15,43.88999938964844,41.56888147989909,62.77907842000325,"Yesterday it was about 37 degrees outside, which pushes the guess up.","This same weekday last week used about 28 units, which pushes the guess up.","Recent Wednesdays used about 20 units, which pushes the guess up.",True,0,28.4,20.091666666666665,35.5625,replay,42.54985809326172,37.914421717325844,62.259730275472,"Yesterday it was about 37 degrees outside, which pushes the guess up.","Today is about 36 degrees outside, which pushes the guess up.","Recent Wednesdays used about 20 units, which pushes the guess up.",True
2023-06-15,44.099999999999994,45.16947937011719,42.88686274210612,63.96889174143473,"Yesterday it was about 36 degrees outside, which pushes the guess up.","Yesterday the unit used about 53 units, which pushes the guess up.","Recent Thursdays used about 22 units, which pushes the guess up.",True,0,33.425,21.716666666666665,33.732638888888886,replay,41.388763427734375,37.05679068247477,60.94714663187662,"Yesterday it was about 36 degrees outside, which pushes the guess up.","Recent Thursdays used about 22 units, which pushes the guess up.","Yesterday the unit used about 53 units, which pushes the guess up.",True
2023-06-16,38.71666666666667,36.35327911376953,34.109163767496746,55.0630248260498,"Yesterday the unit used about 44 units, which pushes the guess up.","Recent Fridays used about 19 units, which pushes the guess up.","This same weekday last week used about 31 units, which pushes the guess up.",True,0,31.341666666666665,18.754166666666666,32.111111111111114,replay,35.39282989501953,31.364320780436195,54.799724121093746,"Yesterday the unit used about 44 units, which pushes the guess up.","Recent Fridays used about 19 units, which pushes the guess up.","This same weekday last week used about 31 units, which pushes the guess up.",True
2023-06-17,3.433333333333333,13.226367950439453,8.685809466044107,31.48778036753336,"Saturdays tend to use less electricity, so the forecast moves down.","Yesterday the unit used about 39 units, which pushes the guess up.","Recent Saturdays used about 12 units, which pushes the guess down.",False,1,4.8916666666666675,12.1125,34.25347222222222,replay,13.176627159118652,8.409185396830239,31.826076494852696,"Saturdays tend to use less electricity, so the forecast moves down.","Yesterday the unit used about 39 units, which pushes the guess up.","This same weekday last week used about 4.9 units, which pushes the guess down.",False
2023-06-18,1.8416666666666666,1.6026015281677246,0.0,19.77434728622436,"Recent Sundays used about 2.1 units, which pushes the guess down.","Sundays tend to use less electricity, so the forecast moves down.","This same weekday last week used about 2.8 units, which pushes the guess down.",True,1,2.75,2.1499999999999995,34.236111111111114,replay,1.2982805967330933,0.0,19.796240954399103,"Recent Sundays used about 2.1 units, which pushes the guess down.","Sundays tend to use less electricity, so the forecast moves down.","This same weekday last week used about 2.8 units, which pushes the guess down.",True
2023-06-19,39.28333333333333,32.36803436279297,30.16242029825846,50.988113416035965,"Yesterday it was about 34 degrees outside, which pushes the guess up.","Recent Mondays used about 34 units, which pushes the guess up.","Mondays tend to use more electricity, so the forecast moves up.",True,0,56.30833333333333,34.04583333333333,29.145833333333332,replay,26.069326400756836,22.34428091684977,45.32473164876302,"Recent Mondays used about 34 units, which pushes the guess up.","Today is about 29 degrees outside, which pushes the guess down.","This same weekday last week used about 56 units, which pushes the guess up.",True
2023-06-20,24.05833333333333,25.83059310913086,23.663480326334632,44.361005503336585,"Yesterday it was about 29 degrees outside, which pushes the guess down.","Yesterday the unit used about 39 units, which pushes the guess up.","Recent Tuesdays used about 36 units, which pushes the guess up.",True,0,49.225,36.33333333333333,31.506944444444443,replay,27.24916648864746,23.827584635416663,46.35308275858561,"Yesterday it was about 29 degrees outside, which pushes the guess down.","Recent Tuesdays used about 36 units, which pushes the guess up.","Yesterday the unit used about 39 units, which pushes the guess up.",True
2023-06-21,26.075,27.651792526245117,25.52318102518717,46.092538261413566,"Recent Wednesdays used about 25 units, which pushes the guess up.","Wednesdays tend to use more electricity, so the forecast moves up.","This same weekday last week used about 53 units, which pushes the guess up.",True,0,53.15,24.9625,32.423611111111114,replay,30.095722198486328,26.182587432861325,49.04814949035644,"Recent Wednesdays used about 25 units, which pushes the guess up.","This same weekday last week used about 53 units, which pushes the guess up.","Wednesdays tend to use more electricity, so the forecast moves up.",False
2023-06-22,23.174999999999997,27.308792114257812,25.21868189493815,45.65987119038899,"Recent Thursdays used about 26 units, which pushes the guess up.","This same weekday last week used about 44 units, which pushes the guess up.","It is a weekday. The office usually runs the cooling, so the forecast is higher.",False,0,44.099999999999994,26.125,33.40277777777778,replay,29.3892822265625,25.12267435709635,48.19022054036458,"Recent Thursdays used about 26 units, which pushes the guess up.","This same weekday last week used about 44 units, which pushes the guess up.","Today is about 33 degrees outside, which pushes the guess up.",False
2023-06-23,40.824999999999996,30.478742599487305,27.613822428385415,48.74015501658121,"Recent Fridays used about 24 units, which pushes the guess up.","Yesterday it was about 33 degrees outside, which pushes the guess up.","This same weekday last week used about 39 units, which pushes the guess up.",True,0,38.71666666666667,24.266666666666666,33.260416666666664,replay,30.459434509277344,25.69199274698893,49.10888384501139,"Recent Fridays used about 24 units, which pushes the guess up.","This same weekday last week used about 39 units, which pushes the guess up.","Today is about 33 degrees outside, which pushes the guess up.",True
2023-06-24,4.4,13.586149215698242,6.101080474853516,28.520099639892585,"Saturdays tend to use less electricity, so the forecast moves down.","Yesterday the unit used about 41 units, which pushes the guess up.","Recent Saturdays used about 7.1 units, which pushes the guess down.",False,1,3.433333333333333,7.0625,32.954861111111114,replay,10.936944007873535,5.178192939758299,27.139536221822105,"Saturdays tend to use less electricity, so the forecast moves down.","Recent Saturdays used about 7.1 units, which pushes the guess down.","Yesterday the unit used about 41 units, which pushes the guess up.",False
2023-06-25,2.0999999999999996,1.3123459815979004,0.0,15.48168090184529,"Recent Sundays used about 2.1 units, which pushes the guess down.","Sundays tend to use less electricity, so the forecast moves down.","This same weekday last week used about 1.8 units, which pushes the guess down.",True,1,1.8416666666666666,2.1291666666666664,26.87152777777778,replay,1.4960031509399414,0.0,17.20049781799316,"Recent Sundays used about 2.1 units, which pushes the guess down.","Sundays tend to use less electricity, so the forecast moves down.","This same weekday last week used about 1.8 units, which pushes the guess down.",True
2023-06-26,24.908333333333335,18.956104278564453,16.27245152791341,37.12785003662108,"Yesterday it was about 27 degrees outside, which pushes the guess down.","Recent Mondays used about 39 units, which pushes the guess up.","This same weekday last week used about 39 units, which pushes the guess up.",True,0,39.28333333333333,38.574999999999996,29.5625,replay,19.771379470825195,15.047939503987628,38.269339828491205,"Yesterday it was about 27 degrees outside, which pushes the guess down.","This same weekday last week used about 39 units, which pushes the guess up.","Recent Mondays used about 39 units, which pushes the guess up.",True
2023-06-27,20.833333333333332,20.3380126953125,17.835627365112302,38.42009179433187,"Yesterday it was about 30 degrees outside, which pushes the guess down.","Recent Tuesdays used about 36 units, which pushes the guess up.","Tuesdays tend to use more electricity, so the forecast moves up.",True,0,24.05833333333333,36.33333333333333,30.4375,replay,18.17031478881836,13.490876617431638,36.51678616841634,"Yesterday it was about 30 degrees outside, which pushes the guess down.","Recent Tuesdays used about 36 units, which pushes the guess up.","Today is about 30 degrees outside, which pushes the guess down.",True
2023-06-28,27.941666666666663,25.2043399810791,22.701954650878903,36.31521288553874,"Recent Wednesdays used about 27 units, which pushes the guess up.","This same weekday last week used about 26 units, which pushes the guess up.","Wednesdays tend to use more electricity, so the forecast moves up.",True,0,26.075,27.237499999999997,31.368055555555557,replay,27.7254695892334,23.046031417846677,41.437574068705246,"Recent Wednesdays used about 27 units, which pushes the guess up.","This same weekday last week used about 26 units, which pushes the guess up.","Wednesdays tend to use more electricity, so the forecast moves up.",True
2023-06-29,27.233333333333334,26.493484497070312,24.518878122965493,37.60435740152995,"Recent Thursdays used about 28 units, which pushes the guess up.","Yesterday the unit used about 28 units, which pushes the guess up.","The past week averaged about 21 units a day, which pushes the guess up.",True,0,23.174999999999997,28.299999999999997,30.09027777777778,replay,21.52576446533203,17.443570849100748,35.23786894480388,"Recent Thursdays used about 28 units, which pushes the guess up.","Today is about 30 degrees outside, which pushes the guess down.","Yesterday it was about 31 degrees outside, which pushes the guess down.",True
2023-06-30,33.75833333333333,24.018264770507812,22.043658396402993,35.12913767496745,"Recent Fridays used about 35 units, which pushes the guess up.","This same weekday last week used about 41 units, which pushes the guess up.","Yesterday it was about 30 degrees outside, which pushes the guess down.",True,0,40.824999999999996,35.02916666666667,29.18402777777778,replay,22.366891860961914,18.28469824473063,36.07899634043376,"This same weekday last week used about 41 units, which pushes the guess up.","Recent Fridays used about 35 units, which pushes the guess up.","Today is about 29 degrees outside, which pushes the guess down.",True
2023-07-01,,10.133049011230469,0.0,12.940618600845337,"Recent Saturdays used about 4.6 units, which pushes the guess down.","Saturdays tend to use less electricity, so the forecast moves down.","This same weekday last week used about 4.4 units, which pushes the guess down.",,1,4.4,4.645833333333334,,upcoming,11.04733657836914,0.0,13.378101005554198,"Recent Saturdays used about 4.6 units, which pushes the guess down.","Saturdays tend to use less electricity, so the forecast moves down.","This same weekday last week used about 4.4 units, which pushes the guess down.",
